,cell_index,n.p.mean,n.t1.mean,n.t2.mean,n.a1.mean,n.chi.mean,f.p.mean,f.t1.mean,f.t2.mean,f.a1.mean,f.a2.mean,f.chi.mean,rr.mean,n.tm.mean,f.tm.mean,n.p.sd,n.t1.sd,n.t2.sd,n.a1.sd,n.chi.sd,f.p.sd,f.t1.sd,f.t2.sd,f.a1.sd,f.a2.sd,f.chi.sd,rr.sd,n.tm.sd,f.tm.sd,npix,celltype,NADH,FAD,Group
1223,1,20.50666667,217.8563693,1557.040533,80.210984,1.009743173,14.30666667,202.4338267,1835.2752,89.05329067,10.9467072,0.98290164,0.592342361,476.7728021,378.8546581,9.3640678,68.15016106,187.6556855,6.852362617,0.102944713,7.164049386,38.76072319,183.4024525,3.151152107,3.151153898,0.082248275,0.097719158,132.4806613,80.09047269,75,cell,NADH,FAD,CD4 Spleen FOV3
1224,3,17.08823529,284.4599412,2025.296471,82.51442353,0.975560971,10.26470588,168.1646471,1457.835588,85.7025,14.29750059,1.064353206,0.610831697,576.8605726,347.6910935,8.008963339,90.39034439,406.003548,4.67395042,0.106904839,4.143697833,39.49584027,185.9871332,3.540447283,3.540446545,0.09544524,0.127229417,101.962778,61.33694854,34,cell,NADH,FAD,CD4 Spleen FOV3
1225,4,14.31578947,147.3007719,1343.465789,88.99532807,0.991761404,8.842105263,224.125386,2281.254737,90.20841579,9.791582632,0.942395526,0.634542077,279.1851077,408.535219,7.445415403,121.410668,335.8013688,4.422168546,0.09471313,6.363370271,39.38469279,503.9792336,4.348594189,4.348595926,0.101270013,0.116421527,180.7393153,55.63475353,57,cell,NADH,FAD,CD4 Spleen FOV3
1226,6,18,297.0020556,1935.499722,82.61105,0.853198333,10.94444444,305.7286667,2041.968611,82.37928333,17.62071667,0.915194,0.615227595,573.5114793,603.4240418,8.280786712,126.0512282,379.0106278,4.547483092,0.077192421,4.222013362,62.17087111,314.7452554,4.517488295,4.517488295,0.066593673,0.094990905,153.8566179,65.16027318,36,cell,NADH,FAD,CD4 Spleen FOV3
1227,7,12.4,119.49954,1607.001286,93.77237429,1.070199057,7.085714286,189.1239943,2180.7574,92.61227143,7.387726286,1.148057971,0.627597295,217.978496,333.1639681,4.882140321,63.4600597,337.5356358,3.306373191,0.096867453,2.693908472,58.88084386,595.8260583,2.333102819,2.333109139,0.110425133,0.109927532,130.0244115,99.34426765,35,cell,NADH,FAD,CD4 Spleen FOV3
1228,9,12.73913043,240.1642609,1856.556522,83.95206087,0.974237174,10.69565217,206.5832174,1642.292609,92.45396957,7.546034348,1.121287087,0.545528238,488.0478266,314.6861647,3.968253466,80.34498144,349.1720621,5.65219181,0.101722332,3.889785956,24.96798067,167.9127398,1.240070104,1.2400637,0.171970294,0.087656986,111.4569238,42.05733338,23,cell,NADH,FAD,CD4 Spleen FOV3
1229,10,18.53571429,270.1216786,2057.663839,85.29206875,0.982722946,11.60714286,210.669,1896.877857,91.05392054,8.94608,1.110515616,0.622163543,527.5647633,360.2789815,7.440973214,93.29961605,405.1534588,4.017085992,0.104493671,6.756187878,46.56798889,395.9148074,2.766402039,2.766401645,0.107091643,0.098233598,145.9301942,87.88054465,112,cell,NADH,FAD,CD4 Spleen FOV3
1230,12,13.9787234,172.3375936,1492.16683,88.65835106,1.021127532,6.893617021,159.8491596,1453.729043,89.0426383,10.95736404,0.986574851,0.660875942,319.530758,295.4957445,8.168043142,97.39628579,368.4487105,6.347580729,0.146770317,3.896676636,54.54859338,291.1341845,6.470945219,6.470942722,0.132185815,0.107491351,179.7273065,116.5396171,47,cell,NADH,FAD,CD4 Spleen FOV3
1231,13,8,237.19225,1485.4375,80.70345,1.04029025,3.25,209.8455,1719.63,80.1737,19.8263,0.72011125,0.704040404,474.4861277,509.3828693,2.449489743,69.5217275,246.0400602,3.616910664,0.086265536,0.957427108,21.5579807,46.90878738,1.209236241,1.209236241,0.064249917,0.104329304,88.8170758,16.17212395,4,cell,NADH,FAD,CD4 Spleen FOV3
1232,16,22,473.6665,3126.817857,84.37306429,1.0794225,11.71428571,245.8115714,2499.49,88.00276429,11.99723429,1.020568,0.64349868,838.1280912,506.4034311,6.656402355,95.82093611,891.1996613,8.23035492,0.071580223,3.473605341,41.09420455,589.0473328,2.032704492,2.032708764,0.054630773,0.100036931,46.70108933,56.36266791,14,cell,NADH,FAD,CD4 Spleen FOV3
1233,18,19,547.72425,2977.4,86.8644,0.92053025,7,182.0235,1408.075,79.58245,20.41755,1.19538,0.739215686,868.2887061,430.758161,9.865765725,40.89318657,126.5792,1.587763015,0.047076569,5.477225575,52.03151398,168.5153456,2.650699938,2.650699938,0.066234016,0.084321325,29.02973055,59.03640856,4,cell,NADH,FAD,CD4 Spleen FOV3
1234,19,11.24528302,112.6551491,1768.433962,95.05995849,0.998132245,5.509433962,102.774766,1039.930075,89.89266604,10.10732981,0.991847755,0.673872635,192.1461611,189.9119396,4.228591602,17.05521011,290.5559787,1.711723265,0.097138811,2.893112787,27.65172269,336.0771214,3.321452754,3.321449572,0.133280431,0.119849525,35.88715613,38.36477951,53,cell,NADH,FAD,CD4 Spleen FOV3
1235,21,15.8,201.3096,1907.474,88.65170833,0.981403317,8.35,229.5597667,1771.241167,86.40707167,13.5929285,0.921965317,0.66395693,395.7253009,428.4944209,7.633112522,50.07788352,373.9253312,3.99204548,0.101366829,5.559615278,37.97561645,352.4817865,4.074902421,4.074902563,0.091160713,0.134438597,113.0497973,65.31298684,60,cell,NADH,FAD,CD4 Spleen FOV3
1236,22,12.83333333,271.9098333,1812.71,78.96718333,0.844024667,8.833333333,175.8998333,1666.495,88.96888333,11.03112,1.0012365,0.579821456,592.7044994,338.6159557,6.306081721,55.17236311,113.5626851,3.507472299,0.126054423,4.578937286,24.19860847,185.4739514,1.708229555,1.708226537,0.065154909,0.134166131,86.29103324,33.8256371,6,cell,NADH,FAD,CD4 Spleen FOV3
1237,24,19.27559055,194.0883417,1716.885512,84.81736142,0.964192969,15.57480315,162.7995748,1468.364898,91.24660157,8.753396063,1.040887598,0.554480174,424.9258765,268.1893057,9.579804456,61.26742404,273.1051375,4.165514777,0.094274886,8.379415145,26.98515883,335.3551489,3.372016974,3.372017465,0.118989458,0.104308627,119.2601376,37.53077628,127,cell,NADH,FAD,CD4 Spleen FOV3
1238,25,14.11111111,254.9735,1723.471722,85.32965556,1.245821667,14.44444444,198.1012778,1818.831111,89.64248611,10.35751389,1.169587611,0.514966366,461.26297,357.6764122,4.200529067,66.0649644,511.5103526,3.454801955,0.132287058,7.613688591,28.56893222,399.6285357,2.721251018,2.721250191,0.128613971,0.105559983,106.1340364,48.41735089,36,cell,NADH,FAD,CD4 Spleen FOV3
1239,27,11.15384615,95.39898077,1310.483923,93.65990769,1.20836,6.269230769,169.3440385,1720.888462,91.36899615,8.630998077,1.242408885,0.634469716,177.505504,294.733918,4.920912986,37.4831319,449.5255291,2.097404857,0.0984373,3.040495911,38.94891947,392.8561505,2.798187302,2.798190312,0.215612646,0.14448722,83.88443801,50.13582675,26,cell,NADH,FAD,CD4 Spleen FOV3
1240,28,17.31468531,287.8980545,2211.684455,84.5545007,1.030949147,9.594405594,291.6883147,2161.313636,87.18222448,12.81777566,1.035732336,0.646085725,572.9300348,516.0037682,7.761787565,125.9691845,604.3621046,7.091318917,0.113735545,4.781475054,101.3288488,563.4974164,4.238086395,4.238086852,0.104028894,0.094747893,227.7562167,117.8779245,143,cell,NADH,FAD,CD4 Spleen FOV3
1241,30,15,187.56175,2024.295,87.054125,1.15636,13.5,259.11825,2575.9575,94.520975,5.479015,1.1602325,0.527549059,425.0725417,383.4349847,2.581988897,12.6962823,37.05200444,1.379448693,0.052950845,2.886751346,19.64366557,415.5003328,0.9046032,0.904599811,0.054396946,0.085554313,20.41601227,21.53326346,4,cell,NADH,FAD,CD4 Spleen FOV3
1242,31,17.25,353.111875,2422.53,80.4052625,0.941132375,10.375,249.127625,2066.2175,88.8405375,11.1594625,1.0474805,0.623381341,753.491028,444.3903505,6.649382356,87.54739612,310.9258425,3.196887516,0.051327968,4.50198369,35.63488221,329.4611461,3.294225793,3.294225026,0.104998845,0.096436104,89.52398071,59.93988832,8,cell,NADH,FAD,CD4 Spleen FOV3
1243,34,16.44444444,383.0335,2217.065,81.65642778,1.145935222,9.277777778,135.9873,1530.277222,83.28571111,16.71428889,1.033579944,0.644053085,706.9997216,364.7051122,5.403944335,61.4831353,445.980504,3.844217341,0.129157335,3.892761844,53.60286924,199.5499741,4.08426182,4.08426182,0.08040179,0.08465578,75.51890102,69.95211597,18,cell,NADH,FAD,CD4 Spleen FOV3
1244,37,21,76.4534,1262,85.8424,0.964074,5,222.873,1604.95,85.7683,14.2317,0.947314,0.807692308,244.2983454,419.5660524,NA,NA,NA,NA,NA,NA,NA,NA,NA,NA,NA,NA,NA,NA,1,cell,NADH,FAD,CD4 Spleen FOV3
1245,39,12.6875,151.9718125,1635.35125,87.9506125,1.060882313,7.375,164.383875,1720.07875,92.88343125,7.116575,1.085413125,0.625525293,330.4877317,274.1260474,3.553753884,23.20685227,197.5031217,2.336874822,0.072032634,2.125245084,44.81856117,332.7571297,1.291957176,1.291953073,0.085638759,0.118978362,60.00640507,69.99307545,16,cell,NADH,FAD,CD4 Spleen FOV3
1246,40,15.25862069,111.1706241,1576.294483,86.82729138,1.052468017,10.63793103,178.4668103,1482.146552,89.03034655,10.96964983,0.94435019,0.585600804,296.4171205,318.8453305,6.222653422,28.09602906,218.7429705,5.591514697,0.135012601,4.1788871,29.52779161,183.8819837,2.687307134,2.687309816,0.096673781,0.104981212,92.67000779,55.69263094,58,cell,NADH,FAD,CD4 Spleen FOV3
1247,42,13.86956522,261.1556261,2205.004783,82.6380913,0.96573513,8.608695652,189.4820435,2265.10913,93.48037826,6.51962913,1.103705957,0.608152334,596.5280295,323.9014103,4.515673189,110.3767265,349.8975776,4.513593026,0.108545587,2.641265716,49.44169291,341.329775,1.132148058,1.132146313,0.118900026,0.110436504,179.3307538,69.73955256,23,cell,NADH,FAD,CD4 Spleen FOV3
1248,45,15.85714286,205.4546429,1535.026429,81.50185714,1.135498571,9.642857143,211.2570714,1757.500714,85.98317143,14.01682929,1.083262429,0.623030324,441.554374,410.9769995,5.82906699,65.34889347,184.2356218,9.128143349,0.102838287,4.516757565,33.20135817,496.8078716,3.926857788,3.926857246,0.097256538,0.105360688,148.7845151,38.80120228,14,cell,NADH,FAD,CD4 Spleen FOV3
1249,46,17.85057471,270.2534322,2135.90692,88.85781954,0.983321701,9.528735632,212.2174943,1827.982011,87.89771609,12.10228184,1.058988816,0.655272005,480.8277182,396.4893547,11.14234406,206.178293,634.0880508,5.863846095,0.090532816,6.320581149,65.61555753,470.5952242,3.961261763,3.961263451,0.119580315,0.100836591,317.0513963,106.8357074,87,cell,NADH,FAD,CD4 Spleen FOV3
1250,48,19.19298246,367.0188947,2123.314123,85.71590614,0.989849982,10.42982456,287.1322702,1895.326491,87.00077719,12.99922342,0.989116333,0.643441883,615.6252946,487.0382449,8.704466551,188.7469722,453.5494074,4.798939165,0.092814955,4.741026546,111.7617899,516.5956678,3.606015429,3.606015112,0.10694541,0.097225589,246.177334,144.3895696,114,cell,NADH,FAD,CD4 Spleen FOV3
1251,49,11.66666667,153.8163333,1332.045,81.54755,1.083499167,11.5,125.347,1261.441667,84.04198333,15.95801667,1.059693333,0.536238369,370.4628647,301.4779029,1.751190072,54.97497464,197.5205579,1.484752339,0.058712901,6.024948133,6.58399116,198.2200875,3.387852319,3.387852319,0.07161112,0.175578929,76.97217687,19.26130352,6,cell,NADH,FAD,CD4 Spleen FOV3
1252,51,16.6,325.2900036,1963.042497,82.51087795,1.039675559,9.082051282,269.6511103,1828.711928,85.11058615,14.88941338,1.064246918,0.645633051,606.8606119,491.4858152,7.295246299,193.0611434,610.9543375,7.783399544,0.117067248,4.29137662,104.6760351,375.1835362,5.400060067,5.400060958,0.118936662,0.099293494,283.4900067,144.4789876,195,cell,NADH,FAD,CD4 Spleen FOV3
1253,52,12.85714286,249.8837143,1857.123333,84.49768571,1.095231333,9.619047619,162.6844286,1642.971905,89.06721905,10.93278476,0.906421333,0.577392958,484.6789314,320.0621534,6.444266555,122.3541746,570.9966486,3.919595669,0.093659681,4.716738179,22.61860069,224.9124874,2.899224118,2.899220543,0.080603194,0.13324314,150.6913809,42.55854522,21,cell,NADH,FAD,CD4 Spleen FOV3
1254,54,11.56666667,138.4636967,1487.708433,92.48938333,0.9663551,7.166666667,180.1602,1604.163433,88.83767333,11.16232133,1.107325433,0.619657102,248.6087639,328.1167664,4.207409993,82.82763804,405.2242784,4.224146609,0.121062041,3.238596262,57.95523969,346.0692284,5.894293827,5.894296654,0.15471117,0.098962863,169.5078414,106.978605,30,cell,NADH,FAD,CD4 Spleen FOV3
1255,55,19.84210526,431.9433825,2201.204912,78.70244386,0.955136965,10.4122807,381.6288684,2129.031667,81.90295702,18.09704263,1.043920307,0.651993411,798.2341712,680.5614208,11.17327639,169.4764259,447.0858142,5.62499272,0.115109625,5.874515839,72.46370826,424.7110688,5.457496873,5.457497506,0.103034976,0.099226652,213.8875404,71.77879258,114,cell,NADH,FAD,CD4 Spleen FOV3
1256,57,17.2173913,407.465087,2257.22913,82.32211739,1.011735913,9.391304348,310.6678261,1729.710261,83.85306957,16.14693,0.935182,0.647028951,720.8735125,531.1625104,4.680292549,109.3799759,619.5218157,3.587483382,0.147853022,3.299299243,112.4663316,332.8248575,4.943712017,4.943712749,0.142407528,0.092466676,151.1540594,155.5176398,23,cell,NADH,FAD,CD4 Spleen FOV3
1257,58,15.86046512,254.982,2157.449535,86.32788837,1.002243791,9.11627907,234.6552093,1641.025698,84.7728,15.2271993,0.928683465,0.638606191,500.0066813,444.3542995,7.327643015,103.9825858,570.1318909,8.044836264,0.156254968,5.661941878,79.48036274,419.7245074,3.486668078,3.486669202,0.089729478,0.112088224,226.4743071,130.9573925,43,cell,NADH,FAD,CD4 Spleen FOV3
1258,60,14,185.59,1493.05,75.7258,0.923773,4,283.802,2510.27,91.1995,8.80053,1.0825,0.777777778,502.9654553,479.7423163,NA,NA,NA,NA,NA,NA,NA,NA,NA,NA,NA,NA,NA,NA,1,cell,NADH,FAD,CD4 Spleen FOV3
1259,61,14.91071429,153.4915357,1606.052732,87.63249821,0.988977089,9.517857143,188.0565554,1545.440607,87.288,12.71199964,0.955483089,0.616309706,332.6354794,328.4678488,6.022010494,34.14638291,327.3436174,3.138414856,0.100263656,4.935920551,44.32795007,736.36253,5.631191785,5.631192438,0.119705086,0.108188993,84.65666496,63.09156618,56,cell,NADH,FAD,CD4 Spleen FOV3
1260,63,18.83333333,221.4603438,2015.401042,82.91593125,1.020434063,10.97916667,180.02225,1683.776042,88.3252,11.6748,1.001033063,0.634949353,519.0167746,352.6586525,8.463522061,76.18060837,325.4341114,6.512104525,0.085156455,5.586798967,49.50235886,286.8264958,2.092457531,2.092457752,0.117540401,0.092160327,158.3700644,70.65198989,48,cell,NADH,FAD,CD4 Spleen FOV3
1261,64,11.9787234,158.4675191,1593.32517,88.00157021,1.056159298,12.0212766,159.5961489,1177.239894,90.48774043,9.512261489,0.991075723,0.517917586,307.2649282,252.6614159,5.023810098,55.99500774,574.9344544,5.666147826,0.128423183,7.109361133,19.31630279,214.1652678,2.825111629,2.825112506,0.117993928,0.132957281,83.43590265,23.32162211,47,cell,NADH,FAD,CD4 Spleen FOV3
1262,66,12.68888889,111.2441644,1311.333733,93.74135333,1.020468978,6.577777778,138.1926667,1658.740956,90.53280444,9.467197111,1.137324533,0.655244765,184.2504075,274.0825793,4.461054819,31.65283375,209.8087843,3.027636756,0.107079282,2.499898988,20.75177835,415.8000015,2.503888902,2.503886338,0.129776261,0.109695867,63.53801228,38.28138483,45,cell,NADH,FAD,CD4 Spleen FOV3
1263,67,16.25862069,229.0474138,1901.883966,88.19501207,1.008621414,10.62068966,202.9263793,1670.776241,88.6116569,11.38834707,1.085459552,0.616885642,424.9112882,366.6125523,6.403289574,80.98841481,250.3780879,2.664256165,0.096075898,6.273943851,52.74964188,287.5855049,4.412776961,4.41277269,0.129142507,0.101967232,113.9890029,102.176972,58,cell,NADH,FAD,CD4 Spleen FOV3
1264,69,17.61061947,298.172469,1780.003628,80.03255575,1.00961715,9.601769912,246.2059646,1790.293628,86.92132832,13.07867062,1.021597283,0.644061397,573.0390089,441.4083672,6.444036042,140.7008005,432.6684614,9.925850745,0.119046458,4.104744256,62.42244099,496.319764,3.785734482,3.78573536,0.132765673,0.100876517,208.2382012,104.894147,113,cell,NADH,FAD,CD4 Spleen FOV3
1265,72,15.53731343,180.009594,1410.135045,83.45398358,1.056048791,13.80597015,131.4621493,1382.453313,92.14568358,7.854320896,0.939061567,0.538316783,376.9637069,219.8025648,6.160303904,62.43202683,395.6745009,5.175634413,0.094863679,6.583355518,14.08604533,253.2726494,4.653237252,4.653233776,0.115972919,0.105440939,117.220387,44.71819522,67,cell,NADH,FAD,CD4 Spleen FOV3
1266,73,13.29411765,190.5985824,1804.112941,85.36646471,0.961666059,7.647058824,190.6285882,1173.215,76.8529,23.1471,1.000028647,0.652923896,404.7665895,403.0390665,5.217335358,59.29560146,418.955624,7.951005506,0.13025947,4.689631868,79.68468096,390.4568698,6.720912528,6.720912528,0.057711018,0.149350334,122.0142276,104.2878668,17,cell,NADH,FAD,CD4 Spleen FOV3
1267,75,18.04347826,227.872287,1825.585304,83.33828522,1.017239435,10.09565217,206.282087,1803.712522,88.78382609,11.21617339,1.023535913,0.647103927,484.6288989,382.1165784,7.719184695,112.5105626,386.1746562,6.903826991,0.086994775,5.311315153,38.42560382,273.3787535,2.734277007,2.734277092,0.125275334,0.098588227,188.0639311,67.19063395,115,cell,NADH,FAD,CD4 Spleen FOV3
1268,76,17.42857143,250.8472143,2234.862857,91.12002143,0.967187786,10.85714286,271.4031429,1333.977143,80.48503571,19.51496429,0.775735643,0.600670228,428.8301346,476.4427809,11.26406325,129.82088,378.79913,2.312889644,0.15008133,6.769355643,61.38917466,120.4354897,4.29279514,4.29279514,0.081060364,0.143395736,188.0603297,90.64726148,14,cell,NADH,FAD,CD4 Spleen FOV3
1269,78,19.30769231,194.3207092,1867.710308,86.75164,0.962945677,12.53846154,141.7829938,1220.848185,84.87894154,15.12105892,1.111731585,0.627956165,401.9568369,285.7612066,8.622142782,74.99640564,440.0474076,6.249222479,0.114506905,8.179771014,29.86115816,371.2980626,7.729812042,7.72981179,0.14215924,0.097766513,134.1433331,53.32689079,65,cell,NADH,FAD,CD4 Spleen FOV3
1270,79,10.57692308,197.3148846,1706.637692,87.30012692,0.9755875,7.307692308,238.5919615,1710.163077,86.87768846,13.12231038,0.966678615,0.599770148,381.491176,414.7625826,3.941300059,52.20697092,305.9869472,4.462898842,0.090926307,3.530090432,61.00314262,461.7291896,5.525687117,5.525687664,0.092249562,0.133005107,89.70710916,73.91947173,26,cell,NADH,FAD,CD4 Spleen FOV3
1271,81,18.19047619,257.757619,2349.63,80.67296667,0.98048581,9.380952381,304.3201905,1733.367143,84.05411905,15.94588238,1.053529238,0.672048757,638.274654,522.0488551,7.909608382,35.37129003,466.2512101,5.872738652,0.065371199,5.074211175,36.69326949,360.8132646,3.64200739,3.642004704,0.088490559,0.085647194,62.64439412,41.59046438,21,cell,NADH,FAD,CD4 Spleen FOV3
1272,82,15.93333333,131.7198,1278.088667,88.25106667,0.988500667,10.26666667,223.323,2283.018,93.89716,6.102840667,1.052151467,0.620111769,268.7078906,349.747679,6.261750858,123.2413614,252.5612189,4.180609013,0.094047301,4.511361319,27.48467363,211.0268854,1.958649914,1.95865467,0.079813771,0.095615495,167.5932458,66.21861091,15,cell,NADH,FAD,CD4 Spleen FOV3
1273,84,11.91836735,123.4993184,1507.692286,89.36832449,1.016668429,7.795918367,249.2268571,2149.126122,88.96392449,11.03607102,1.027048347,0.603173661,264.6505861,450.3805077,4.563609384,23.18711604,256.4481363,3.490478202,0.112792182,3.095558591,66.4971853,473.0351568,2.703242906,2.703247752,0.13767424,0.107794239,50.32590705,77.10292394,49,cell,NADH,FAD,CD4 Spleen FOV3
1274,85,17.28205128,152.6266128,1709.343333,88.89398718,0.990943538,11.12820513,197.4135974,1557.988974,88.39815641,11.60184179,1.001060026,0.61538631,320.6254319,350.5494444,6.549201309,41.75867151,254.2558859,3.845142616,0.091342227,5.027186548,51.62491886,305.9003831,3.112894035,3.112896156,0.125913424,0.107361878,76.61505213,80.02336152,39,cell,NADH,FAD,CD4 Spleen FOV3
1275,87,13.48387097,248.3905806,1769.719677,84.17998387,1.104119355,7.483870968,225.3003871,1446.120581,85.69308387,14.30691903,1.067577548,0.648199598,490.1040381,391.1208944,3.914681492,159.7891869,438.6768847,3.543695523,0.127472283,3.424139481,40.28202656,234.5300006,4.544582837,4.54457881,0.08382492,0.091501327,208.2893925,47.05219589,31,cell,NADH,FAD,CD4 Spleen FOV3
1276,88,17.62666667,222.910276,1673.32024,86.17304933,1.016839547,12.74666667,223.7402,2096.1016,93.125572,6.8744288,1.000883347,0.582150467,425.8630867,349.0579919,5.634769794,102.252996,442.6927393,3.770801039,0.091340561,4.854903716,34.73791449,443.9972581,1.233372221,1.233377491,0.086982,0.099876903,165.7680608,53.63844483,75,cell,NADH,FAD,CD4 Spleen FOV3
1277,90,21.78947368,283.1093421,2046.003684,83.76627632,1.130329947,15.23684211,278.9938421,1869.860263,90.60679474,9.393212368,1.057474447,0.591878357,566.7002599,426.7078975,10.67241429,75.01054266,369.8486383,3.496711874,0.112500333,9.889755034,63.35541968,333.107479,2.525379777,2.525376002,0.067913096,0.088785873,134.7179188,97.48520316,38,cell,NADH,FAD,CD4 Spleen FOV3
1278,91,15.61702128,234.4901064,1713.564894,86.03475532,1.012389532,11.31914894,165.1510213,1182.99717,89.40989574,10.59010723,1.11786934,0.602094977,441.2914007,274.3455348,7.072768327,79.60685646,436.7466474,4.548989291,0.110715063,8.126998438,32.77196027,164.4573798,5.672476319,5.672474332,0.118840969,0.119689287,151.3040384,87.74597269,47,cell,NADH,FAD,CD4 Spleen FOV3
1279,93,13.675,136.9094475,1394.924,87.93565,1.011269825,8.025,138.3244125,1287.5892,87.3473175,12.652681,1.10701975,0.631795199,285.6086845,280.4837841,5.663139928,35.01010086,198.7299051,3.882507936,0.135462141,3.696758802,30.45507359,184.6697783,3.503895336,3.503897163,0.087135267,0.117599941,68.74323659,58.48759249,40,cell,NADH,FAD,CD4 Spleen FOV3
1280,94,19.5,532.7501176,2520.57,78.16660294,1.073846647,10.38235294,278.6652353,1884.067647,79.30020882,20.69979206,0.947215,0.652215376,952.8360379,599.7029385,8.30206254,181.5243204,551.4609368,4.690056772,0.122748171,5.015217485,141.9347524,327.6870362,5.59285667,5.59285457,0.086025499,0.096803397,207.3652091,146.1092115,34,cell,NADH,FAD,CD4 Spleen FOV3
1281,96,19.05555556,263.0398796,1988.19213,85.68703796,0.962966509,10.99074074,220.8556639,1720.083574,84.84802963,15.1519712,0.949303278,0.639684378,499.7923273,440.9023292,9.840630378,102.0160107,594.8316808,4.93220508,0.10884569,6.84609906,66.83777844,348.3218614,4.562864495,4.562863509,0.118923729,0.094064004,171.7238325,116.5513556,108,cell,NADH,FAD,CD4 Spleen FOV3
1282,97,9.866666667,108.9833933,1449.011667,93.30178,1.038389933,6.133333333,166.6276,1682.228667,91.14005333,8.859948,1.158948733,0.62238067,198.3951498,299.6738598,3.113717729,25.06529799,270.9878701,1.419832212,0.100817365,2.669046557,45.39478688,207.0961822,1.374445309,1.374438449,0.067806616,0.124127796,48.2175281,54.23518136,15,cell,NADH,FAD,CD4 Spleen FOV3
1283,99,18.77227723,271.638399,1888.768248,85.01366139,0.953219168,12.51980198,230.670198,1627.2205,84.17975693,15.82024396,1.065834668,0.613638031,504.7832004,429.3736137,8.487487059,139.6292606,600.223714,4.753096548,0.128769841,8.814963757,100.7595168,420.7056278,7.897015485,7.897014726,0.149891538,0.114913785,191.5995987,139.9906712,202,cell,NADH,FAD,CD4 Spleen FOV3
1284,100,18.64285714,257.5396429,1701.060714,86.56820714,1.004923071,9.285714286,236.0902143,1391.554286,79.47933571,20.52066429,0.983975357,0.662203101,442.7089141,473.7430303,7.40693171,72.10380137,344.0755586,3.30058427,0.114219911,3.770912386,134.3209223,128.6089725,4.847432659,4.847432659,0.12071371,0.116605074,82.31753685,93.94093102,14,cell,NADH,FAD,CD4 Spleen FOV3
1285,102,13.85714286,325.6835238,2363.917619,87.2874,1.141663571,7.714285714,188.3290952,1638.567,84.88187143,15.11812857,0.984743524,0.647175168,565.5118528,404.8018415,3.876670147,132.5941475,583.6908223,4.782439248,0.096489009,3.363671463,41.84075333,231.375477,3.421344191,3.421344191,0.098122675,0.086108933,167.172129,79.70742462,21,cell,NADH,FAD,CD4 Spleen FOV3
1286,103,14.44,103.687104,1054.3882,85.700748,0.97428672,6.96,303.60116,2747.74992,90.792164,9.2078288,1.09451368,0.653975808,239.7227228,513.1081521,9.282959298,30.12023719,171.0455596,6.32275094,0.06893389,3.622614157,77.43641949,824.0405232,2.879404331,2.879409616,0.090794688,0.112869516,94.53153633,118.4778349,25,cell,NADH,FAD,CD4 Spleen FOV3
1287,106,17.59677419,226.0745371,1670.683984,83.29098065,1.01693,9,194.6767258,1532.259742,84.37168548,15.628315,1.097360403,0.657643381,468.1153148,396.9208325,5.448596382,158.765966,612.474731,6.684181321,0.127962064,2.897143873,52.22555663,383.9235617,3.620645085,3.620644074,0.166877843,0.086438048,241.8959112,91.31528032,62,cell,NADH,FAD,CD4 Spleen FOV3
1288,111,18.03030303,273.8036364,1873.749394,83.86783333,1.042600485,11.15151515,155.4118788,1500.014848,91.12090909,8.879092424,1.097019939,0.611419077,515.4226147,275.1423559,8.401952334,89.4949944,355.8438886,6.288161724,0.127949189,4.637626091,38.42132938,173.7723561,3.621892813,3.621891687,0.0848653,0.105963659,136.6524948,88.78284366,33,cell,NADH,FAD,CD4 Spleen FOV3
1289,112,18.86206897,199.0473103,1587.705517,81.66186552,1.023979069,14.37931034,293.345069,2107.228966,89.05028966,10.94970897,0.956293103,0.574278674,446.8184632,488.2945618,9.884056924,103.1065878,351.1593157,4.689770847,0.14271891,7.766290681,85.06162088,542.6733977,2.525213621,2.525215408,0.143498635,0.121684401,133.9489085,133.543691,29,cell,NADH,FAD,CD4 Spleen FOV3
1290,114,22.77777778,426.0978472,2218.098333,82.24297917,0.955505361,11.86111111,319.3832222,2086.337083,87.732775,12.26722625,1.050664625,0.660599547,726.4326413,528.9155865,8.398897014,129.9378037,597.4706478,4.916037749,0.11959709,5.431534309,74.27105308,382.0824222,3.135770084,3.135768895,0.108927298,0.097865134,150.2160831,91.90471216,72,cell,NADH,FAD,CD4 Spleen FOV3
1291,115,16.7218543,200.4008854,1795.292185,85.50542517,1.027133576,10.52317881,195.3327808,1478.983172,86.28544172,13.71455841,1.029562623,0.622923139,427.4062999,367.251106,7.27384258,96.70358228,345.2367854,5.598332784,0.103287407,6.084772729,84.19111639,417.961994,5.189157415,5.18915741,0.132048086,0.103353885,166.1141585,134.2053093,151,cell,NADH,FAD,CD4 Spleen FOV3
1292,117,25.15053763,180.092129,1744.09172,89.74700215,1.026963333,23.58064516,168.0746882,1519.20814,92.1032,7.896797742,1.030362495,0.541554786,340.9033849,272.3854361,9.485625551,56.32409323,257.5181903,3.448737894,0.107022556,14.35900156,24.22090111,202.9437702,2.097781327,2.097783437,0.105541411,0.109602245,114.4490823,37.18332118,93,cell,NADH,FAD,CD4 Spleen FOV3
1293,118,16.04761905,188.6505619,1365.28981,85.67490952,0.92968381,9.095238095,173.7368095,1625.109524,89.09609048,10.90391,0.907252429,0.643974719,356.0524539,330.5538486,4.466275747,70.13165424,228.1913944,5.583094141,0.109739851,4.060846733,26.34364361,180.8019834,1.6600346,1.660034995,0.132248459,0.077427467,131.7367501,44.09704986,21,cell,NADH,FAD,CD4 Spleen FOV3
1294,120,17.70588235,348.4443824,1733.913529,81.04167353,0.941110206,11.5,226.606,1602.26,87.87271176,12.12728824,1.027840706,0.605645571,603.3831246,388.6112833,7.68914785,169.1006026,332.8806596,6.292434687,0.099512053,5.223780124,54.21281443,169.276743,6.043578158,6.043577069,0.077064076,0.078339082,168.512201,116.6461336,34,cell,NADH,FAD,CD4 Spleen FOV3
1295,121,21.5,216.8999396,1948.3275,83.47925833,1.021795167,10.5625,203.7196875,1313.097083,80.7269,19.2731,1.037243938,0.667799529,503.2911144,416.3542836,7.748713002,77.18038766,229.0323913,5.316728135,0.09640167,3.825481474,29.43281243,110.0207585,2.820539381,2.820539381,0.061889163,0.07194918,170.2206536,46.46741129,48,cell,NADH,FAD,CD4 Spleen FOV3
1296,123,14.01339286,155.7905049,1630.794317,89.58083661,1.046937504,8.455357143,189.7540848,1983.985313,91.10490402,8.895095134,1.062991902,0.623547914,311.9289383,342.0182952,6.450556976,85.72570151,430.1966481,3.759488443,0.148799057,4.145100069,39.8568829,476.2588106,2.550436001,2.550435447,0.142547891,0.119568701,160.6842933,61.21057263,224,cell,NADH,FAD,CD4 Spleen FOV3
1297,126,15.2,167.02886,1705.247429,89.98528,0.933903286,7.542857143,135.9267886,1278.617371,85.83574,14.164258,1.071952,0.669585286,324.0457576,297.1770614,6.144342209,149.1881285,367.5348037,4.835759482,0.133505175,3.407110706,65.82767532,283.0666996,3.477941815,3.477945322,0.156834616,0.101511672,224.3086641,105.2431817,35,cell,NADH,FAD,CD4 Spleen FOV3
1298,127,11.52173913,137.3296652,1501.859087,89.19918261,0.970213261,8.347826087,138.5169043,1531.662174,91.94666957,8.05333087,0.926614391,0.576690655,288.681687,242.3940054,3.591271808,46.2841323,339.7963453,3.001458113,0.095735764,2.901546541,28.2277933,413.8735287,2.8558324,2.855829708,0.10862328,0.105379304,106.5885418,34.12786022,23,cell,NADH,FAD,CD4 Spleen FOV3
1299,129,17.70093458,260.819457,2129.59614,86.03301869,0.992566533,10.31775701,232.5209813,1851.132785,87.84232897,12.15767037,0.970854224,0.633087657,519.0010918,419.5778567,6.739373121,131.9376962,598.3382922,4.817613065,0.09720222,4.469177736,44.42957283,427.2403111,3.624380194,3.624380535,0.165855683,0.092138388,218.3560962,68.85683727,107,cell,NADH,FAD,CD4 Spleen FOV3
1300,130,21,200.769,1618.239355,83.34881129,0.976983306,15.61290323,163.1507903,1501.674677,90.38357258,9.61642629,0.977051984,0.577905277,426.3392732,288.1527774,9.960578033,33.00717202,221.825891,7.336804133,0.116069547,8.878699577,22.08988537,212.7304645,3.599692742,3.599694594,0.09627012,0.089706873,95.00347014,57.37413743,62,cell,NADH,FAD,CD4 Spleen FOV3
1301,132,15.140625,135.4466891,1717.530625,91.54305938,0.949777828,8.703125,258.7279219,1598.374656,88.48282813,11.51717109,1.255102734,0.635046331,266.6795493,397.1633139,5.975790278,27.40628346,305.6795832,3.147598954,0.093919357,3.803422383,64.96830963,599.5448838,3.968728966,3.968729724,0.139994289,0.088776605,69.70407411,85.4992467,64,cell,NADH,FAD,CD4 Spleen FOV3
1302,133,15.60759494,318.2280405,1699.307152,82.00967722,1.049025886,9.493670886,178.9389241,1471.115038,84.9148962,15.08510418,0.992969367,0.616919113,552.4746974,369.7691819,6.163202883,198.77143,455.5002728,7.359137256,0.116401373,3.785510221,37.00779334,257.8516791,2.74800397,2.748003195,0.11557135,0.104442944,219.3006582,52.11855879,79,cell,NADH,FAD,CD4 Spleen FOV3
1303,135,19.91970803,268.8416934,1833.833139,79.72165693,0.967790942,13.21167883,222.5750365,1641.745401,83.08994964,16.91005299,1.074906526,0.60440661,579.8645671,448.6231428,8.303134059,81.28603111,329.1737348,5.886171513,0.127862685,6.59593308,94.05796033,302.8538919,7.681856228,7.681853118,0.10990919,0.101142927,144.2973628,134.6794475,137,cell,NADH,FAD,CD4 Spleen FOV3
1304,136,19.33333333,162.8733333,1423.733333,86.67723333,0.961618333,10.66666667,142.903,1654.316667,93.71683333,6.283196667,1.106043333,0.613873296,330.5196678,238.2237127,11.06044002,31.6537831,49.13653461,2.770450401,0.060244374,1.527525232,9.923416297,113.2908016,0.814268613,0.814249894,0.061279697,0.110622733,63.31664624,25.37922864,3,cell,NADH,FAD,CD4 Spleen FOV3
1305,138,17.51666667,180.86041,1752.76765,89.42232667,1.099860067,15.51666667,199.9335667,1482.432433,85.75047167,14.24953,1.092603417,0.581205919,343.2865675,358.4320312,14.55031209,71.33177047,417.4270228,3.636646366,0.104073167,22.44276462,75.35653076,370.3868726,9.404551227,9.404550222,0.158174925,0.117711322,107.5614765,84.25324985,60,cell,NADH,FAD,CD4 Spleen FOV3
1306,139,20.64285714,210.8503571,1943.184643,84.95157857,1.125449536,12.14285714,215.4170714,2327.715357,90.96410357,9.035899643,0.978526643,0.614480913,469.1536132,404.6949301,10.66393814,76.9385189,192.7997808,5.778931592,0.067968174,6.731431446,53.65550891,361.4995183,2.380652943,2.380649803,0.086750916,0.111967069,163.720564,101.7731056,28,cell,NADH,FAD,CD4 Spleen FOV3
1307,141,15.66666667,236.8356667,2051.896667,84.0363,1.152093333,9.333333333,304.6353333,2378.223333,89.29076667,10.70924667,0.945112667,0.628614719,519.6510483,522.1397982,3.511884584,80.12004553,353.2109192,7.816425608,0.133837738,3.511884584,34.60713126,356.572884,2.10129394,2.101278927,0.180826662,0.130987423,198.1738826,26.37612155,3,cell,NADH,FAD,CD4 Spleen FOV3
1308,142,21.4625,339.7132938,2213.25825,78.35821875,0.962272188,13.4,288.237675,2052.37345,82.95018125,17.04981925,1.027751938,0.617445777,734.1111771,573.9803072,11.88759991,128.1678056,426.1429725,5.972952815,0.091679637,7.781184707,77.47791779,549.5626469,4.145941349,4.145940397,0.122276925,0.08683527,156.2686693,111.91294,80,cell,NADH,FAD,CD4 Spleen FOV3
1309,144,11.04,265.20556,2366.154,87.124344,1.10423432,7.84,231.7738,1794.2928,86.352836,13.6471632,1.03163972,0.573016975,520.3936781,436.9695319,5.518755898,43.16553892,586.0549193,4.201081195,0.097918745,3.519943181,45.31235624,341.5563047,4.255288816,4.255289577,0.079858159,0.11850204,81.39573086,79.47306348,25,cell,NADH,FAD,CD4 Spleen FOV3
1310,145,14.3125,268.7475625,2243.50875,83.69914375,0.976109938,9.75,195.1595813,1623.278875,82.42338125,17.57661875,0.984312125,0.595418046,588.4774993,422.2559422,4.285148772,78.35138419,278.2532308,2.285105717,0.111231938,3.336665002,35.10715179,356.1044626,7.81459219,7.81459219,0.088500292,0.08656749,93.21854358,37.72871738,16,cell,NADH,FAD,CD4 Spleen FOV3
1311,147,13.09677419,432.3402903,2062.919677,81.67354194,1.104312226,7.419354839,347.4878387,2114.005161,87.61614839,12.38385,1.107134387,0.632808882,713.1736866,551.9886619,5.878519307,78.86671937,471.0507427,6.197589408,0.103688519,3.074347557,46.54137027,512.3071038,3.335174594,3.335177597,0.149608294,0.142919902,59.00326132,52.11815363,31,cell,NADH,FAD,CD4 Spleen FOV3
1312,148,19.15652174,220.6561374,1889.343391,84.6933,1.026598617,10.97391304,279.8160783,1859.620696,84.00405826,15.99594078,1.03222733,0.639638469,475.4649789,514.6999817,10.87697657,88.15315598,333.1689034,6.05701616,0.120317509,6.721869087,75.40562788,403.5817769,6.797109758,6.797110831,0.133062592,0.097027667,168.6133654,129.5384348,115,cell,NADH,FAD,CD4 Spleen FOV3
1313,150,14.32692308,250.9451135,2141.437885,86.82433269,1.022998462,11.34615385,191.5255769,1822.033462,89.58399423,10.41600865,0.974367712,0.573327955,488.6074476,355.6116714,5.249542105,97.6924064,558.232251,3.510604472,0.124283012,5.930594043,68.41817122,476.628928,3.656813347,3.656811553,0.09411827,0.108388768,117.3744844,112.2202456,52,cell,NADH,FAD,CD4 Spleen FOV3
1314,151,10.82758621,90.64904483,1248.871931,93.61498621,0.885359241,6.482758621,157.8708966,1417.105379,89.80097586,10.19902069,0.881248966,0.626489747,167.8091817,281.4778199,3.317367346,36.56577663,350.2386458,2.05293533,0.068745432,2.848817921,19.90327318,314.5899921,2.778556213,2.778558046,0.120278336,0.131146968,73.79947804,36.48839667,29,cell,NADH,FAD,CD4 Spleen FOV3
1315,153,10.66666667,156.2204394,1483.341939,90.16005152,1.010446182,6.787878788,186.0760606,1877.882727,92.91077273,7.089228485,0.948967091,0.613405709,283.074854,303.7132669,4.128155359,54.31647884,477.4590771,4.358799603,0.133189262,3.069584416,32.90864981,217.1656301,2.14484091,2.144839278,0.101774711,0.134938313,111.5960423,57.89787759,33,cell,NADH,FAD,CD4 Spleen FOV3
1316,154,18.2,238.66745,1729.0955,82.445845,1.0297879,11.9,199.93315,1759.832,91.60604,8.39397,1.02171545,0.610186633,487.8776465,327.3427451,5.502152689,67.37496671,292.2672489,5.684308674,0.125688171,5.359693628,42.26891173,478.5551432,1.006024289,1.006023188,0.090853967,0.116693072,103.5433896,64.67369299,20,cell,NADH,FAD,CD4 Spleen FOV3
1317,156,19.79591837,568.6684082,2587.970204,74.92104898,0.94761951,13.67346939,258.5212245,2079.948163,84.72897551,15.27102449,0.921587816,0.593138862,1054.920417,535.0468508,9.595961807,160.8282331,479.0558329,6.795392947,0.089981129,6.859870489,71.92225355,253.1618429,2.468613814,2.468613814,0.078234483,0.08280006,118.091176,110.775855,49,cell,NADH,FAD,CD4 Spleen FOV3
1318,157,16,256.3418182,2506.39,88.12579091,1.112985091,11.09090909,141.2781818,1497.823636,90.97591818,9.02408,1.092874727,0.584903156,516.0761987,260.3290435,8.270429251,83.53100178,904.0475486,2.81412653,0.095315291,5.872896142,16.72566778,179.2875298,3.72665441,3.726655819,0.071203168,0.121113847,161.8260521,32.73167056,11,cell,NADH,FAD,CD4 Spleen FOV3
1319,159,22.80487805,327.0151098,1919.476463,77.00895366,0.934638963,14.59756098,280.8818049,1837.121098,83.6262439,16.37375524,0.947012951,0.607668023,687.5040192,527.5910686,10.40469864,86.44469202,214.6278793,6.12171676,0.122742642,6.99357687,81.86383023,297.821972,4.180583711,4.18058542,0.094674774,0.100234464,137.7879729,93.85604583,82,cell,NADH,FAD,CD4 Spleen FOV3
1320,160,12.6875,294.4320625,1687.478125,77.70675625,0.976546938,9.1875,235.1025,1905.633125,83.57814375,16.42185813,0.918556125,0.592918817,601.472125,476.7214611,3.754441814,161.4089442,280.6597753,5.002288006,0.120104146,3.970201506,36.15949149,636.2109891,6.105822332,6.105820373,0.060773956,0.074330119,139.6052174,47.01310665,16,cell,NADH,FAD,CD4 Spleen FOV3
1321,162,24.32,467.77371,2607.6072,75.724811,0.97068403,20.15,233.46718,2291.7261,83.549424,16.4505773,0.9880512,0.547549027,967.5684528,575.3434646,14.3926749,188.1312539,467.5509084,7.050222707,0.126743145,12.5,53.07747583,205.5686362,4.084215897,4.084213488,0.063899308,0.096696778,208.0571401,136.319482,100,cell,NADH,FAD,CD4 Spleen FOV3
1322,163,15.57142857,413.88,1962.546429,78.45081905,1.036066214,12.71428571,260.5282619,1958.986667,88.93485238,11.065145,0.963157738,0.549901678,733.0823699,443.4245316,5.869070883,142.9619564,402.3802537,6.238810628,0.133380965,4.607976723,45.60002135,325.0401015,2.57027233,2.570275528,0.077065534,0.106901916,120.4754966,65.43609071,42,cell,NADH,FAD,CD4 Spleen FOV3
1323,165,20.34615385,510.4565769,2453.260385,75.64909615,1.087042885,10.03846154,450.3279231,2193.033077,84.31150385,15.68849538,0.971819615,0.669917216,952.7302978,701.1184956,10.96154116,105.8233173,583.8162694,6.439454493,0.128638191,5.399857548,59.67768264,582.0403154,4.803341091,4.803342496,0.084918803,0.102189441,98.58093486,75.86718826,26,cell,NADH,FAD,CD4 Spleen FOV3
1324,166,13.66666667,372.016,3057.67,91.2287,0.868726,10.66666667,133.7116667,1563.84,93.1609,6.839103333,1.069586667,0.554865424,604.6937321,231.4278878,3.785938897,3.234195882,305.1612657,1.809846145,0.073458858,0.577350269,15.27582601,154.538171,0.815885415,0.815909336,0.04350537,0.076974375,31.08769045,29.17943544,3,cell,NADH,FAD,CD4 Spleen FOV3
1325,168,16.51851852,289.4975185,2303.653704,83.9397,0.946037815,9.333333333,250.6071852,1770.137037,84.65668148,15.34331852,0.999480815,0.642547366,569.9848249,477.7033492,4.182108139,121.5669988,1236.016525,5.400502412,0.093041178,3.464101615,74.12644383,259.802245,3.285265208,3.285265208,0.098076952,0.095413008,162.3033766,79.12161168,27,cell,NADH,FAD,CD4 Spleen FOV3
1326,169,19.16216216,544.3609189,2735.238108,81.77115405,1.089469108,10.02702703,459.9799189,2285.878378,80.63128108,19.36871676,0.876331216,0.649759717,924.7199137,755.313497,13.40918738,116.6836098,505.1689854,5.72441621,0.096454023,6.521274954,126.8379918,809.5026906,10.00603959,10.00604221,0.082431221,0.114178879,125.1461134,85.99808393,37,cell,NADH,FAD,CD4 Spleen FOV3
1327,172,15.2,193.4712,2651.314,92.719,0.8291842,10.3,171.414,1709.8069,91.31908,8.680905,1.202713,0.597485143,370.9159033,296.6148933,3.938414797,57.75066189,652.0783381,1.306454567,0.066198397,3.400980251,30.36148335,381.5259434,2.844480193,2.844484229,0.137692191,0.07936011,105.792268,45.71531362,10,cell,NADH,FAD,CD4 Spleen FOV3
1328,174,12,112.5477435,1379.106435,90.52916522,1.032813435,6.565217391,202.4552174,944.6219565,77.70707391,22.29292609,1.137027522,0.643830081,226.6362654,355.8950662,4.917501213,29.74948727,373.4076869,2.617761969,0.095090804,3.027541561,75.49041103,252.7360792,7.534856641,7.534856641,0.098412091,0.130976963,52.75787256,65.85394463,23,cell,NADH,FAD,CD4 Spleen FOV3
1329,175,15.48571429,244.5519429,1886.457143,78.51022,1.083532286,8.628571429,267.3164286,2442.156857,89.07802,10.92198429,1.082016086,0.644959835,599.6897266,503.5190699,6.045763848,57.90922387,247.5385133,4.130330782,0.119186052,4.257075179,61.87251966,400.0308911,1.35722249,1.357217921,0.128829717,0.096929173,130.1661082,99.18645088,35,cell,NADH,FAD,CD4 Spleen FOV3
1330,177,24.20930233,388.5656744,2148.105349,78.1578186,0.995925791,14.1627907,334.9495581,1891.977907,83.31861163,16.68138837,1.021192744,0.629336904,757.9064266,588.2607812,15.45278237,94.38211967,384.0141428,6.129442465,0.083198269,8.657312441,52.74414772,276.6140792,3.065842141,3.065842141,0.061383133,0.083840555,105.5991868,51.37578433,43,cell,NADH,FAD,CD4 Spleen FOV3
1331,178,21.45689655,405.6124224,2008.997845,78.56559828,1.058949284,11.34482759,344.0321724,2170.940103,84.61485486,15.38514629,1.007809845,0.647794044,734.5099651,579.2394067,13.05732661,82.9802111,374.7783906,5.604185669,0.169629608,6.452641452,88.92177325,663.9052691,12.44063934,12.44064279,0.145127058,0.097865174,79.89277404,75.31959445,116,cell,NADH,FAD,CD4 Spleen FOV3
1332,180,17.5,480.6743438,2340.748125,79.41679063,0.89190125,9.40625,130.6503656,1468.24375,83.32380313,16.67619688,0.955906875,0.64340172,847.4793184,353.6605468,5.90789521,73.71478988,400.5118405,6.332667618,0.076096344,3.14036545,39.98225916,177.7352524,2.937705489,2.937705489,0.098646959,0.096559896,58.05542032,82.35416145,32,cell,NADH,FAD,CD4 Spleen FOV3
1333,181,24.87096774,344.5562903,2215.872581,79.76672581,0.966017774,15.90322581,259.615,2027.243871,88.41314516,11.58685935,0.91641829,0.611686094,705.9568405,457.4356473,12.21404092,78.54691955,524.9101401,4.770189818,0.123560073,8.427553377,72.41132967,438.4984755,3.139002336,3.138998972,0.089528444,0.077559436,82.1255857,99.00622511,31,cell,NADH,FAD,CD4 Spleen FOV3
1334,183,17.06521739,377.953413,2237.442391,77.98246522,1.024546391,10.5,253.4668043,1984.258478,82.73236522,17.26763478,0.982401848,0.625373755,768.4911553,548.9067829,6.381926473,75.26809888,473.2178226,5.485060039,0.135988439,5.328122454,30.19028964,198.8148206,3.596466023,3.596466023,0.13853667,0.117902846,72.19281236,73.86065707,46,cell,NADH,FAD,CD4 Spleen FOV3
1335,184,19.8125,286.3990625,1733.971875,76.44845,0.892490688,12.875,197.9228125,1416.970625,82.00456875,17.99543125,0.953389938,0.594502942,611.08183,415.2572995,14.28854436,85.05602767,398.1654347,5.86390703,0.080757202,7.804912983,36.76310566,153.9004695,2.101095579,2.101095579,0.083559253,0.106665956,67.97208379,24.74446464,16,cell,NADH,FAD,CD4 Spleen FOV3
1336,186,21.39837398,471.6289106,2444.176423,82.61592195,1.005341447,10.5203252,354.165065,1677.324472,82.85488374,17.14511585,1.007231707,0.664822454,803.5104573,572.8066462,11.46465691,232.1529651,568.9821584,6.08053451,0.126730069,5.553539107,122.409497,333.617697,5.129434907,5.129435491,0.098944103,0.089096982,303.0169052,135.8307441,123,cell,NADH,FAD,CD4 Spleen FOV3
1337,187,13.22807018,144.8959702,1945.197895,92.37282632,1.075427561,8.210526316,148.3424719,1654.758421,91.80260175,8.197393684,1.089503877,0.620324962,281.5444582,270.9403481,4.605964859,59.27376083,380.053081,2.614611408,0.097645365,3.467897892,32.37902713,350.2150373,1.944444554,1.944448175,0.108167871,0.121783303,104.4510443,60.85497179,57,cell,NADH,FAD,CD4 Spleen FOV3
1338,189,14.125,373.80925,1977.191875,81.57276875,1.042721563,10,248.15575,1511.341875,86.01165,13.98834813,1.073705563,0.587601536,665.3180179,429.1309076,5.09738495,112.4042615,249.6176131,7.100858107,0.091969102,3.966526608,45.03932553,244.5986011,2.848155493,2.848159264,0.203145915,0.087640652,214.5277864,93.45174757,16,cell,NADH,FAD,CD4 Spleen FOV3
1339,190,13.87878788,183.9374182,1631.31397,86.92227273,1.072063652,11.59090909,183.6593636,1613.621364,91.40637273,8.593628636,1.070995167,0.533168468,368.7758431,307.5006655,5.840219046,149.5018353,512.7830216,4.677352532,0.11498819,3.590488601,55.79181723,292.8642439,2.726668277,2.7266689,0.120516583,0.107244118,195.3012227,99.21849993,66,cell,NADH,FAD,CD4 Spleen FOV3
1340,192,19.85714286,268.3069351,2233.808831,83.46027013,1.037063987,12.09090909,248.2785052,1406.695429,77.09089481,22.90910545,1.170278429,0.636155551,582.4983819,483.390204,8.611061255,80.30966127,494.9509559,5.05673274,0.09238247,8.3668862,92.90461861,446.8060952,10.84615751,10.84615719,0.196698257,0.104957464,159.2958345,110.3318749,77,cell,NADH,FAD,CD4 Spleen FOV3
1341,195,13.96491228,236.3624737,2151.157368,88.93955965,1.010523316,8.368421053,213.4212105,1678.637544,86.67379298,13.32620596,0.962834649,0.622116311,434.5475452,398.5523681,5.525799594,45.43837129,639.0824578,2.925261976,0.11020211,3.56386417,55.5726216,414.7902106,3.389935723,3.389937384,0.121747125,0.111397608,53.92989616,63.45657069,57,cell,NADH,FAD,CD4 Spleen FOV3
1342,196,16.22222222,590.3755556,2840.598333,80.43756389,1.057741056,10.52777778,246.8688333,2119.645278,85.61920278,14.38079722,1.112437833,0.597838446,1018.645653,513.7470024,6.715062434,175.6329954,460.0062954,4.750210168,0.109386416,4.191734119,39.42600581,278.1462604,2.0614062,2.0614062,0.07002972,0.11008464,216.193573,66.05256405,36,cell,NADH,FAD,CD4 Spleen FOV3
1343,198,13.11764706,224.7931176,1807.124706,84.26666471,1.020358824,10.35294118,224.9940588,1608.877059,86.39420588,13.60579588,1.028447294,0.562311997,453.4070111,409.9643173,2.471900912,87.40735037,286.6224279,7.319982311,0.09284956,2.69121665,39.77118309,282.6355673,2.48091443,2.480911698,0.098012656,0.074580682,142.7575666,66.39696386,17,cell,NADH,FAD,CD4 Spleen FOV3
1344,199,16.4516129,338.6250806,1834.038387,77.99195,1.071052,9.129032258,375.7908065,2164.060161,87.69826129,12.3017421,1.024579226,0.643946331,643.5194831,586.9225556,7.802222086,110.0553631,601.5960872,8.454793861,0.125254742,4.823045331,81.61306885,442.793152,3.059438074,3.059433767,0.087216575,0.109585337,170.414916,103.2418584,62,cell,NADH,FAD,CD4 Spleen FOV3
1345,201,13.43902439,129.5287268,1417.317195,90.14133415,0.859326659,7.341463415,186.2329146,1489.182244,87.71531707,12.28468341,1.177312537,0.651700688,258.1393421,324.5883692,4.313054489,36.56844481,273.9843576,3.271409291,0.11106976,3.44680835,56.06579717,600.4969014,4.666900373,4.666900166,0.125003904,0.122288188,89.08062397,67.02285137,41,cell,NADH,FAD,CD4 Spleen FOV3
1346,202,15.45138889,143.0635507,1383.748097,85.48652292,1.087250257,9.5,188.2916028,1598.150486,88.31980556,11.68019604,1.096447326,0.617483312,332.3500625,350.7297782,6.391460497,65.89161199,353.6915335,6.388982209,0.128427535,3.888300544,65.43892154,340.7971821,2.889200763,2.889198596,0.118568224,0.10477532,173.2540598,102.594061,144,cell,NADH,FAD,CD4 Spleen FOV3
1347,204,12.80952381,139.9686952,1720.178571,84.8617619,0.951218238,9.761904762,164.7035714,1789.646667,92.34678571,7.653216667,1.002170095,0.574775294,383.6878404,290.0505117,6.054907494,37.06589885,344.0585885,3.439309714,0.13312575,5.146889953,36.29506649,404.0533424,1.301655587,1.30166638,0.064383652,0.100944965,112.9292527,72.97970831,21,cell,NADH,FAD,CD4 Spleen FOV3
1348,205,12.06060606,102.4055152,1609.618818,92.69672424,1.073537303,6.212121212,236.4999697,1921.037485,89.70483939,10.29516485,0.906872697,0.665903272,204.6781904,389.9095368,5.279319286,24.62636276,444.7640756,3.838331295,0.079458125,4.270228154,42.94716061,678.7356414,3.827551478,3.827547318,0.071096494,0.129002745,75.73701245,66.65145126,33,cell,NADH,FAD,CD4 Spleen FOV3
1349,207,15.8,262.0433333,2145.399333,87.16931333,1.033180267,9.266666667,204.4033133,1709.854733,88.26417333,11.73581933,0.9351686,0.62213841,500.921949,360.4811626,7.389181281,91.60766192,389.3655686,2.961768791,0.05701988,4.757950739,49.86223251,506.4725003,5.627816599,5.627822147,0.05645094,0.13023241,121.4373178,64.16682552,15,cell,NADH,FAD,CD4 Spleen FOV3
1350,208,18.93023256,403.9671163,2467.046744,79.36384651,1.118937209,11.86046512,256.2216512,1779.335349,83.26233488,16.73766512,0.971923488,0.614626446,804.6668635,503.4713409,6.716700398,137.6692101,633.2100087,5.765361795,0.180461539,5.276097924,45.4938602,277.9529845,3.457334878,3.457334878,0.103967951,0.090436526,166.2128461,56.79102994,43,cell,NADH,FAD,CD4 Spleen FOV3
1351,210,13.35294118,339.3083529,2284.915882,86.53363529,0.998048824,9.176470588,177.0187647,1303.311824,86.71768235,13.28231059,1.100527588,0.594076116,581.855573,315.0078216,5.700232193,115.9692579,779.9190294,4.230961319,0.113442479,5.670486025,21.64246187,348.0789176,3.949933377,3.949943765,0.083930384,0.137790315,130.7411063,19.25199996,17,cell,NADH,FAD,CD4 Spleen FOV3
1352,211,11.11111111,181.1569296,1740.509259,89.07972222,0.974259852,8.333333333,179.5307667,1076.423296,83.04318889,16.95680889,1.075734778,0.590896593,349.4244564,299.027917,3.785938897,89.81150959,351.5674684,6.115582643,0.117474024,4.472135955,102.0098691,432.7367581,11.01683,11.01683168,0.139495045,0.144288352,180.3106566,130.6356179,27,cell,NADH,FAD,CD4 Spleen FOV3
1353,213,21.75308642,531.6398272,2150.905432,78.96998148,0.902353395,11,249.8542716,1624.227654,80.4802963,19.51970309,0.952204432,0.669653147,861.6226318,506.3816894,8.883314224,177.6473017,400.4131716,6.26494914,0.099423591,5.601339126,50.59235979,202.9405788,7.622827932,7.622829141,0.097988105,0.075086051,168.0125284,114.7400173,81,cell,NADH,FAD,CD4 Spleen FOV3
1354,214,16,311.4296316,1686.245263,77.08078421,0.918515368,9.789473684,318.6215789,1622.961579,84.47249474,15.52750526,0.991909263,0.615671831,610.5035327,497.4736176,6.064468466,77.67918517,387.5669138,6.756877361,0.079619594,3.536774227,76.81784816,690.5671936,4.722832541,4.722833328,0.086049089,0.112078194,70.1461707,84.75895892,19,cell,NADH,FAD,CD4 Spleen FOV3
1355,216,23.13513514,415.7484865,2247.778649,76.70993514,1.013022811,13.27027027,261.9722973,1804.347568,80.29528919,19.70471081,1.019181811,0.629599842,830.015235,556.3625429,13.37942484,76.18114157,388.3864334,4.397910198,0.069026597,6.842062102,24.50021134,268.3188866,4.693727591,4.693727591,0.122957305,0.109268181,80.39794803,45.92335865,37,cell,NADH,FAD,CD4 Spleen FOV3
1356,217,11.19230769,139.3230538,1601.148038,92.77179615,0.992146192,8.769230769,152.5419885,1125.703962,91.29138077,8.708616154,0.899506346,0.555752489,252.2380151,239.3045958,4.996152366,45.96134777,547.5127869,3.504619994,0.115293218,3.870996691,32.97432141,195.6161792,3.889064879,3.889068227,0.084377799,0.093916999,115.8329139,73.96896219,26,cell,NADH,FAD,CD4 Spleen FOV3
1357,219,16.60784314,207.4793529,2137.208627,90.47003725,1.056433529,13.11764706,167.1705098,1528.066667,91.25661373,8.743381961,0.915540882,0.566450277,387.4629401,283.8365944,8.197751963,47.04707135,401.9129456,1.834779045,0.131428155,8.52911967,12.14881208,191.0694371,2.197892809,2.197892704,0.099432567,0.116230524,68.22605964,22.48218421,51,cell,NADH,FAD,CD4 Spleen FOV3
1358,220,12.77777778,191.5547944,1753.593889,86.82019444,1.004372389,8.277777778,183.5567778,1687.375,88.71671111,11.28328833,0.996089722,0.594354629,401.5851667,353.3123551,5.374838499,120.971785,364.4551754,6.681894083,0.125549334,2.8034759,42.41056122,287.5848277,2.290768061,2.290767977,0.072558205,0.120339527,229.5379725,78.63139629,18,cell,NADH,FAD,CD4 Spleen FOV3
1359,222,21.08196721,370.6540246,1974.975574,77.01341803,1.017688221,12.97540984,300.8953033,1700.190885,81.40516148,18.59483885,1.028411303,0.621358094,726.7343723,553.8708417,11.01133163,159.5550973,463.7833297,6.630256874,0.100843112,7.33210208,73.21404886,329.2740166,4.315714889,4.315714152,0.115128196,0.103482805,192.6193,84.55588621,122,cell,NADH,FAD,CD4 Spleen FOV3
1360,223,20.95238095,457.583,2590.958095,79.01087143,0.957913048,11.33333333,268.6637143,1717.070952,84.3143619,15.6856381,1.20743319,0.649342622,885.4446017,495.3597705,5.713809504,113.8124939,629.1945096,4.302641329,0.093975198,3.568379651,65.20906346,294.2788441,3.495974296,3.495974296,0.147080312,0.065317667,144.4562175,118.6990726,21,cell,NADH,FAD,CD4 Spleen FOV3
1361,225,22.6097561,393.782,2159.555122,79.2076561,1.019302024,18.73170732,240.4928049,1930.713415,87.3376878,12.66231268,1.003118415,0.549054254,765.0746862,451.4696882,11.75559026,242.1701669,608.5778261,7.427195401,0.10210135,10.79588901,45.74701644,444.6995733,1.63748163,1.637480587,0.082488063,0.111448648,343.1269444,84.48649574,41,cell,NADH,FAD,CD4 Spleen FOV3
1362,226,22.02777778,331.2021389,1545.473889,79.36358611,1.036532528,19.36111111,199.0798611,1435.756667,86.97739722,13.02260583,1.102601778,0.540964024,575.1547649,358.4810492,12.47279579,219.656287,322.0442512,5.935783594,0.141151822,12.86668517,29.78879695,137.1614963,4.033748056,4.033744188,0.10030209,0.083484786,190.0665555,74.45684012,36,cell,NADH,FAD,CD4 Spleen FOV3
1363,228,18.8627451,361.8858431,2098.368627,79.72239412,0.928367235,12.41176471,241.2944118,1618.254118,86.34522745,13.65477137,1.089410451,0.599928184,704.9193435,419.8821785,9.505828965,74.55157295,397.0755664,5.263871372,0.117480716,6.776950555,51.02381945,424.3552352,4.522801467,4.522802989,0.133945469,0.109533485,131.3874879,88.32684624,51,cell,NADH,FAD,CD4 Spleen FOV3
1364,229,30.66666667,249.7942917,1493.635208,81.84564375,0.995047625,45.47916667,313.6189375,1825.9725,87.49570208,12.50429667,0.933592479,0.411093774,471.9921377,501.3832523,8.359816076,44.56411399,238.2420588,2.462994963,0.131356547,15.13905698,15.53934516,127.7254919,1.247185458,1.247188101,0.086119164,0.06998583,63.85552352,11.8051598,48,cell,NADH,FAD,CD4 Spleen FOV3
1365,231,17.85964912,334.2490158,2258.808772,85.69199825,0.971781333,10.85964912,325.5845439,2244.905965,87.61788772,12.38211386,1.022497193,0.618821785,602.9616302,559.4949114,10.47350159,166.7340994,432.4374777,5.626710622,0.080752489,6.226207848,105.0555954,451.914125,4.478752877,4.478751005,0.088984188,0.101418096,244.4461856,175.6587576,57,cell,NADH,FAD,CD4 Spleen FOV3
1366,232,33.1,375.17104,1779.0838,79.104616,1.10875056,35.62,308.9635,1797.5148,88.264276,11.7357248,0.97702138,0.512461916,660.2889587,482.5770869,14.8492424,42.14136912,268.9410339,4.007110528,0.117774858,23.27465995,17.76592174,116.9484483,1.171556433,1.171555181,0.082128437,0.104798067,40.23567515,19.3815777,50,cell,NADH,FAD,CD4 Spleen FOV3
1367,234,18.85294118,316.2066471,1837.160882,82.28310588,1.021866941,13,248.4558529,1552.063824,83.75635294,16.24364706,1.070067912,0.604954275,579.9330196,459.0836317,8.209869718,133.5830671,344.5823538,6.371696031,0.110578966,9.710974735,108.963855,248.5019153,4.768649539,4.768649539,0.118539245,0.089908611,190.5282927,138.0284017,34,cell,NADH,FAD,CD4 Spleen FOV3
1368,235,26.37777778,405.1178222,2161.912667,80.36587444,1.020711667,16.54444444,328.9147667,1892.066667,85.91164556,14.08835367,1.047985178,0.615369155,739.8126897,543.9287492,10.73017145,111.4824922,523.0872348,4.787713605,0.0773504,7.453467802,29.83455493,280.3304741,2.491775854,2.491777211,0.133451091,0.06901547,157.758844,35.60902676,90,cell,NADH,FAD,CD4 Spleen FOV3
1369,237,16.86666667,396.0728,2328.535333,81.84092667,1.167596133,10.46666667,204.5808667,1935.249333,86.21946667,13.78053333,1.0226804,0.619121452,712.7853157,442.4263754,8.175456883,138.7708852,736.098389,6.190898506,0.110265922,6.162868843,43.13575762,215.8375423,2.083361577,2.083361577,0.058984183,0.121808937,137.1767376,79.63362945,15,cell,NADH,FAD,CD4 Spleen FOV3
1370,238,10.2,226.0402,1686.562,84.39144,1.1049942,7.2,187.1638,1699.764,90.1326,9.867406,1.0843182,0.59748194,452.9021163,336.0451941,1.923538406,48.45062185,177.1932234,4.323207532,0.153210386,3.346640106,22.45057328,184.8688501,0.839947287,0.839940996,0.202447517,0.165264651,114.6960481,39.08921849,5,cell,NADH,FAD,CD4 Spleen FOV3
1371,240,12.33333333,230.0113333,1940.916667,81.0491,0.971849667,8.166666667,324.7743333,3204.323333,92.44746667,7.55254,0.941161667,0.59452234,550.4458471,533.8363139,3.265986324,108.573327,582.3248314,2.562965506,0.119031769,1.169045194,20.11816658,487.4465729,2.065250145,2.065237048,0.120279486,0.073296324,191.4822015,39.36293764,6,cell,NADH,FAD,CD4 Spleen FOV3
1372,241,22.93939394,622.1106364,3015.794545,82.40228182,1.020262636,13,402.8827879,2644.976061,84.27046667,15.72953333,1.038309,0.635672149,1028.932845,746.5411134,12.36663706,137.4480681,518.5834532,3.925140295,0.115976636,7.599342077,80.22694841,496.1943575,2.835003189,2.835003189,0.115460975,0.118826953,124.6092615,94.05850919,33,cell,NADH,FAD,CD4 Spleen FOV3
1373,243,11.30434783,140.9828391,1624.832609,89.27883043,1.252675174,6.782608696,162.7028696,1566.854783,86.96236957,13.03762739,0.940861565,0.623956037,295.6443453,339.2417262,4.116869758,87.45657172,585.5034782,4.887954811,0.170822531,3.103612583,44.0539734,201.8077478,4.462041132,4.462044991,0.083007192,0.141430275,164.4770604,78.84139658,23,cell,NADH,FAD,CD4 Spleen FOV3
1374,247,20.81666667,372.3352833,1941.793167,77.12902,0.9699756,12.71666667,266.22215,2456.845167,90.60141333,9.3985865,1.209921567,0.614015022,722.4017035,467.4513936,8.673926772,173.3378316,419.7451165,6.079888773,0.083725206,5.059281341,29.51715031,361.5447175,1.891203454,1.891204677,0.099433595,0.094094242,225.3069095,45.72946863,60,cell,NADH,FAD,CD4 Spleen FOV3
1375,249,25.79487179,212.2072675,1806.462906,86.7590641,0.978902034,22.97435897,158.8987778,1648.413162,92.78498462,7.215013504,1.107336265,0.53229397,427.3696885,267.4262343,13.05792035,100.563035,440.0531484,4.56520301,0.097515927,11.3209156,39.44318663,265.3544475,2.423674427,2.423674466,0.127672563,0.096969606,188.3641541,80.38853304,117,cell,NADH,FAD,CD4 Spleen FOV3
1376,250,43.24705882,247.0935882,1528.450918,86.67306941,1.096113141,71.8,240.085,1670.230706,87.56266941,12.43733165,1.128917318,0.400905387,416.127636,417.8018777,13.8262224,55.32060507,254.5626809,2.671445974,0.138317126,33.45885889,37.25626984,90.65262092,1.992863849,1.992862432,0.089463338,0.09146959,82.72935441,64.70895389,85,cell,NADH,FAD,CD4 Spleen FOV3
1377,252,31,494.0111967,2269.748525,76.96060164,1.04475959,17.39344262,384.9046557,2084.468197,80.29572459,19.70427541,0.931526541,0.634873904,897.8041107,714.0911543,19.18419488,108.3169287,327.5079804,3.112862291,0.169408956,10.26365544,56.00137407,269.8403734,3.512417291,3.512417291,0.101244816,0.085218848,100.0933463,54.63370609,61,cell,NADH,FAD,CD4 Spleen FOV3
1378,253,11.75,260.65175,1633.1175,79.8427125,0.980659875,8.625,262.347375,2185.27375,91.41235,8.5876425,0.919923,0.590185551,527.7317153,426.9168826,4.862392121,52.04080612,397.805166,3.414878694,0.077962133,4.983902659,11.97749709,156.3377134,1.228856295,1.228858948,0.054523273,0.13882689,79.01556367,20.98343602,8,cell,NADH,FAD,CD4 Spleen FOV3
1379,255,18.0625,430.3996875,2190.905625,72.09590625,0.983908938,18.0625,140.6509375,1739.668125,88.175375,11.82462438,0.988477,0.500292331,912.016284,328.7256247,3.906724971,96.05040649,318.963832,4.724773736,0.09006301,4.007804885,24.80714357,150.6396646,1.406710702,1.406711468,0.047595987,0.073459576,84.69068238,42.5096163,16,cell,NADH,FAD,CD4 Spleen FOV3
1380,256,20.704,400.479824,2565.26184,82.1494792,0.959676328,12.2,351.720408,2193.5596,84.7462704,15.25372896,0.987449712,0.6238026,774.0202687,626.7167174,9.615196306,139.5074382,621.5945046,4.249327792,0.111513722,5.415032839,93.38308333,530.7534575,2.346807301,2.346809013,0.115785798,0.096729267,187.4606164,135.9697923,125,cell,NADH,FAD,CD4 Spleen FOV3
1381,257,21.203125,407.7554297,2270.489922,79.24374766,0.965161758,12.265625,353.0757109,2453.467109,85.6842375,14.31576305,1.054335961,0.632754048,780.6291341,634.1231029,10.72443628,143.3791745,506.0480905,5.519140364,0.089312145,7.498539884,71.86503264,703.5441873,3.985890979,3.98589008,0.139420458,0.104081058,189.9883661,101.208881,128,cell,NADH,FAD,CD4 Spleen FOV3
1382,258,20.8015873,292.8110794,2160.217302,82.57256984,0.962887627,11.70634921,352.2500873,2332.641111,88.01654762,11.9834504,1.049715929,0.640232018,612.8703952,579.6648285,8.872447095,88.13045714,415.1572535,4.497565545,0.094105661,5.680940007,46.65186196,388.1724208,3.198064298,3.198066738,0.115321818,0.095933701,150.8920828,42.81827985,126,cell,NADH,FAD,CD4 Spleen FOV3
1383,259,21.68,301.0366733,1890.65332,79.40134,1.061813453,19.7,238.30132,1845.7384,86.831606,13.16839347,0.945163927,0.539263326,622.3387879,444.6319313,9.123551646,83.95151193,310.8663198,4.177967193,0.106807105,11.3135602,52.48540382,272.8110016,2.801616456,2.801617282,0.095652851,0.101602521,111.4366616,71.73582093,150,cell,NADH,FAD,CD4 Spleen FOV3
1384,260,12.95238095,260.2873095,1805.433571,82.0053,1.043932786,7.261904762,233.8487143,1643.336905,81.51801429,18.48198571,0.97097669,0.649713733,530.759773,487.4910412,5.776117275,98.03051217,264.4263594,6.877834311,0.108248017,4.461540387,47.61921741,233.0735353,4.270388161,4.270388161,0.112223462,0.118019734,172.9454542,54.40951569,42,cell,NADH,FAD,CD4 Spleen FOV3
1385,261,12.8125,146.8252406,1750.893281,90.5445625,1.050861422,10.109375,125.8763641,1287.664141,92.69292813,7.307069844,1.049119063,0.557735102,295.2410961,206.0938942,4.197032209,43.34350221,326.8307054,2.985695652,0.096675621,3.212659421,29.42928639,418.9169962,2.553702969,2.55370266,0.111969553,0.098344294,81.03717018,56.19857027,64,cell,NADH,FAD,CD4 Spleen FOV3
1386,262,13.37234043,170.845317,1691.862872,88.1407883,0.984830521,7.787234043,210.4303809,1986.325,88.85732234,11.14267734,0.988109628,0.630921402,342.8951605,400.2484588,4.949169676,59.54830557,437.7144499,6.035567092,0.096268939,3.343658226,70.26481743,436.9368274,4.408491026,4.408491341,0.110536757,0.114949647,128.7578343,125.0257442,94,cell,NADH,FAD,CD4 Spleen FOV3
1387,263,17.01724138,326.4211966,2832.778103,89.1467431,1.005861086,10,237.9075466,1595.63931,80.62935172,19.37064759,1.040092483,0.631349344,574.2320477,492.1405895,7.027493325,141.7880669,1345.951588,4.947096359,0.130151987,5.308054125,61.22288969,321.0909056,6.39961499,6.399616469,0.129779676,0.126900887,218.0361784,114.1144774,58,cell,NADH,FAD,CD4 Spleen FOV3
1388,264,13.44285714,110.7800429,1543.784286,91.20568429,0.999898914,7.428571429,257.3973529,1979.711771,84.56418143,15.43581843,1.098196814,0.645956345,237.7015034,442.0626708,4.49036235,63.76830757,360.097754,4.024328563,0.142276878,3.2596409,111.0845307,1038.33963,12.37556213,12.37556258,0.132413387,0.104632941,125.8251977,125.6280761,70,cell,NADH,FAD,CD4 Spleen FOV3
1389,265,17.472,182.5531448,1665.78944,82.9641576,0.99077684,10.656,254.359456,1880.79904,86.5418944,13.45810664,0.971300656,0.623504103,429.6437404,468.4903927,7.075145046,110.1845186,327.2895535,5.47628407,0.124722745,4.80776254,44.89769572,246.1596289,3.181823984,3.181822257,0.097694235,0.104357099,160.3461728,75.59470485,125,cell,NADH,FAD,CD4 Spleen FOV3
1390,266,15.71428571,326.3233571,2599.135238,84.92140714,0.970890286,11.33333333,287.3717619,2126.188571,88.8906119,11.10938548,0.950676143,0.578350676,638.7365469,488.1427435,6.608515254,69.56186475,882.0323807,4.539915621,0.085571768,4.832141709,67.14465504,343.8318741,4.230064903,4.230068354,0.058157106,0.087271965,103.2893146,130.6382527,42,cell,NADH,FAD,CD4 Spleen FOV3
1391,267,22.43820225,186.1067191,1901.750899,90.96814944,0.98782527,21.05617978,142.931764,1407.202719,93.22438764,6.775615056,1.014739472,0.525253727,335.7404676,227.1392217,8.34341746,30.68836609,328.8095976,2.148783208,0.09124756,11.60755979,16.35362461,174.3817385,1.362617309,1.362616591,0.088537608,0.095119413,45.53751176,24.74310859,89,cell,NADH,FAD,CD4 Spleen FOV3
1392,268,21.45,181.14285,1798.949875,85.73159875,1.001600488,15.1,140.2791888,1277.09925,89.51192875,10.48807363,0.983529975,0.580259153,407.4132749,258.2026983,11.54726117,56.77988806,386.0648954,3.144962269,0.109279695,7.452125684,23.0812162,125.3447788,2.12736891,2.127367572,0.114077085,0.091544478,98.22364603,27.76517176,80,cell,NADH,FAD,CD4 Spleen FOV3
1393,269,21.34057971,198.1268696,1834.133478,88.36128986,0.98353229,20.92753623,124.7659935,1035.251029,89.4737087,10.52629101,1.094932949,0.522710954,387.3049456,218.6438996,10.41860799,55.42678285,348.4658612,2.758436819,0.103636269,13.92610199,15.05907399,170.0536671,2.489494393,2.489494787,0.09772879,0.101197801,105.7803079,25.88653995,138,cell,NADH,FAD,CD4 Spleen FOV3
1394,270,28.68,154.1778977,1609.851857,91.66609029,1.025717417,37.44,156.2344,1483.857029,92.57999029,7.420010914,1.053078297,0.45421742,274.2104866,253.1545309,9.845379335,42.73952818,299.5220755,2.198864855,0.105818515,18.50366848,10.59518678,135.7745414,2.682457062,2.682454866,0.098469427,0.093536679,73.77996333,39.58204901,175,cell,NADH,FAD,CD4 Spleen FOV3
1395,271,17.52469136,311.1601506,2097.392716,81.91247593,0.984006889,10.53703704,322.025642,1910.302099,83.93924568,16.06075481,0.983988198,0.629055319,624.3045455,558.6879398,7.906440976,156.7567932,560.7531334,6.457885521,0.121908983,6.05475932,127.7769847,456.8354645,6.388168388,6.388167734,0.109997527,0.097894291,240.7838823,141.7846799,162,cell,NADH,FAD,CD4 Spleen FOV3
1396,272,20.90588235,237.8967765,2044.467765,84.26380941,1.065815294,17.69411765,194.9293882,1555.741506,89.19269412,10.80730376,1.017511329,0.569325411,522.4539314,342.3965988,11.02769623,136.4111521,418.7348595,7.879222705,0.126616089,16.36854091,84.23343628,305.4606804,6.342005345,6.342007773,0.123394375,0.124070597,278.9685556,168.4506653,85,cell,NADH,FAD,CD4 Spleen FOV3
1397,273,45.20915033,150.7227458,1594.237647,90.60332092,1.094061621,64.88235294,179.4576863,1537.620392,92.80997124,7.190028562,1.096673392,0.45408003,288.6731368,278.4806598,21.04214242,44.18818204,283.3395639,3.340757244,0.125091987,43.66724371,27.98707548,155.720641,1.892731851,1.892730899,0.130652816,0.104079363,97.65562751,59.43243096,153,cell,NADH,FAD,CD4 Spleen FOV3
1398,274,18.625,314.485,2221.3525,81.138025,1.134664375,11.125,301.187,2446.97625,89.9566625,10.04333375,0.886752125,0.609030202,674.7273977,511.6284635,6.653409437,45.95750984,195.1970269,1.960773738,0.080340942,2.167124494,50.22045495,334.4049795,1.915961273,1.915960421,0.098770456,0.134643272,94.8637461,42.43083161,8,cell,NADH,FAD,CD4 Spleen FOV3
1399,275,13.79591837,115.6807327,1432.155306,90.49523469,1.051262918,12.55102041,156.0581367,1523.191245,93.06194082,6.938059796,1.045709082,0.51497349,250.0578315,250.2004934,5.259830447,32.42736733,374.895538,4.894904449,0.100252168,3.747561565,58.4483537,404.2718012,2.004536827,2.004535233,0.168720474,0.104803489,117.4901736,90.99412468,49,cell,NADH,FAD,CD4 Spleen FOV3
1400,276,23.56521739,450.2577391,2390.306087,79.6164087,0.985499391,11.43478261,350.9831304,2342.743913,85.22997826,14.77002348,1.004604739,0.671591089,833.0557678,635.7779744,13.97994046,113.5774476,522.2014062,4.526684604,0.08143233,6.549296194,58.35697561,336.6284751,3.951551056,3.951548093,0.066739434,0.10061355,165.2738211,95.32309567,23,cell,NADH,FAD,CD4 Spleen FOV3
1401,277,13.43333333,178.356325,1761.618833,85.73269,1.1183546,7.216666667,249.1504333,1737.773617,85.36872833,14.631272,0.941555083,0.653086762,392.4881897,447.2247965,4.346698208,63.99504183,318.7312513,7.090581889,0.153403791,3.425189178,123.6959656,832.0410066,4.247104966,4.247104242,0.11835138,0.124357922,146.2932796,171.6796812,60,cell,NADH,FAD,CD4 Spleen FOV3
1402,278,15.38461538,304.2734808,2459.236731,84.06115577,1.051915077,8.346153846,323.4945192,2193.187692,83.96202115,16.03797846,1.035660058,0.654884699,635.932179,603.058432,6.084869845,160.5918452,628.6884991,3.42170577,0.094948646,4.324506615,93.66379432,631.5996686,4.853710786,4.853711387,0.081485132,0.106758209,190.5927853,116.7247873,52,cell,NADH,FAD,CD4 Spleen FOV3
1403,279,15.47826087,183.61245,1829.896848,89.28922609,0.993067326,8.804347826,131.2532413,1332.10663,88.05232609,11.94767565,1.035717761,0.637123034,344.5889966,263.8970817,7.092215233,49.74795365,527.3358131,4.204168685,0.114818569,4.323679324,19.80627051,298.0611009,4.910250274,4.910249272,0.208551609,0.10214674,85.87763673,38.06741039,46,cell,NADH,FAD,CD4 Spleen FOV3
1404,280,16.5,252.09524,2198.4256,89.65915667,0.978086333,9.2,189.0465,1645.171544,86.01402778,13.985968,1.078974222,0.639577738,433.4863357,327.295739,7.917055973,142.1086237,786.7653256,6.920835502,0.107080968,4.394071593,67.35410324,867.9370507,12.66420767,12.66421041,0.210152219,0.104467455,220.1893247,130.727982,90,cell,NADH,FAD,CD4 Spleen FOV3
1405,281,19.94845361,321.269533,2380.138557,86.80777423,0.957767464,9.494845361,264.3227216,1784.918464,83.12647216,16.87352907,1.033374784,0.669102901,596.4065147,506.7775391,10.46957013,155.2228236,554.6969735,4.229401074,0.106718312,5.04381575,92.00008849,479.06029,6.539954518,6.539952604,0.08727605,0.105608338,239.1999728,178.6072507,97,cell,NADH,FAD,CD4 Spleen FOV3
1406,282,19.93137255,271.4540196,1845.707745,83.78010784,0.979428118,13.09803922,224.5658039,1797.629314,88.26572941,11.73426853,0.99629852,0.612414275,526.285251,402.9036541,9.27069246,134.2918896,295.4887868,5.90476799,0.075010497,8.069634813,59.73804653,244.6380916,3.421174972,3.421175829,0.095404244,0.094491498,214.8409298,85.0743824,102,cell,NADH,FAD,CD4 Spleen FOV3
1407,283,23.74814815,228.6248185,1943.212741,87.93448815,1.020309526,20.94814815,197.5547704,1606.06697,90.90897852,9.091020889,1.080675452,0.572937721,428.2676147,321.5953845,15.56292884,102.8633414,536.599125,4.564661303,0.099422187,22.75184707,37.69662168,415.7439438,3.530645761,3.530646251,0.120624908,0.114351244,151.7775165,74.46217735,135,cell,NADH,FAD,CD4 Spleen FOV3
1408,284,18.52,473.96352,2800.6074,83.843948,1.02413976,11.54,255.6675,1636.9972,83.725812,16.274188,0.9393174,0.610468121,829.9818807,475.8195249,7.039944341,56.29983063,501.2825577,5.193978782,0.089673229,4.262843738,34.53690254,175.3292968,3.486086049,3.486086049,0.079440479,0.100425044,57.84340553,41.60602423,50,cell,NADH,FAD,CD4 Spleen FOV3
1409,285,21.57142857,345.3128214,2047.848214,75.19197143,1.101449036,11.35714286,273.3299643,1592.030214,81.90258571,18.097415,0.979351679,0.647929167,754.6730524,496.8417768,10.61595086,125.803089,334.863087,6.539532556,0.159309172,5.293002269,113.6802492,386.2569073,5.987538031,5.987536898,0.07954725,0.105455201,102.0440906,115.6164525,28,cell,NADH,FAD,CD4 Spleen FOV3
1410,286,18.70714286,268.0645686,2053.779143,82.81015286,1.021258779,11.19285714,247.4343857,1749.511643,86.36709143,13.63291014,1.076681107,0.6234624,564.2295256,444.1020838,7.725037709,119.0357717,555.0462812,7.720943582,0.103972217,5.21190727,131.6625208,426.6733963,4.625864371,4.625862887,0.118709683,0.111880825,220.0831057,159.9320895,140,cell,NADH,FAD,CD4 Spleen FOV3
1411,287,19.85454545,387.6117127,1964.446909,80.78764182,1.013501655,10.47272727,268.5298018,1287.7112,72.37195273,27.62804727,1.149615,0.654975421,688.9674043,545.8889707,7.296417644,248.4195911,644.9715445,5.331131903,0.111535537,4.063635234,144.2848028,231.4463424,7.056099622,7.056099622,0.153329751,0.108185253,319.4841313,134.0468604,55,cell,NADH,FAD,CD4 Spleen FOV3
1412,288,19.88405797,273.4322167,1968.002971,85.03538478,1.035667283,12.62318841,231.934442,1709.123768,87.34093768,12.6590629,0.966062957,0.616579512,521.6419546,415.0438007,6.155019865,128.7401752,376.5945666,5.982641046,0.116690158,5.51335856,41.32317974,262.5314522,3.394161913,3.394161081,0.12404994,0.093407005,208.9630643,72.15131543,138,cell,NADH,FAD,CD4 Spleen FOV3
1413,289,19.51485149,421.5334653,2857.30802,85.58775446,0.991180069,10.81188119,264.0011881,1652.878218,79.02408416,20.97591584,1.091389059,0.639037057,746.8438494,546.2032031,7.906470592,90.22375075,738.3045804,4.420927048,0.109177742,4.469256921,58.01148079,278.0850826,5.007292382,5.007292382,0.138613423,0.098516588,86.8694928,82.0192202,101,cell,NADH,FAD,CD4 Spleen FOV3
1414,290,20.2972973,378.4351216,2407.950135,83.5996027,1.018524311,10.55405405,375.5607297,2226.397297,85.31465405,14.68534351,0.962445838,0.657069472,708.9636053,626.8588623,8.94845166,179.7785503,687.3605254,4.462659303,0.101706465,4.620211381,80.39441811,650.0803803,6.083075539,6.083077866,0.081315226,0.081009437,272.8445412,118.6205158,74,cell,NADH,FAD,CD4 Spleen FOV3
1415,291,20.20529801,309.6953311,2124.786821,81.86422715,0.900275119,12.26490066,260.3227417,1724.453179,80.93956093,19.06043907,1.074145689,0.620578176,623.0431906,525.8925293,8.4358899,107.8518763,372.9639881,6.312951444,0.089265027,5.475645456,53.08817244,286.2691123,5.102358409,5.102358409,0.110773211,0.100970689,146.906104,67.57865045,151,cell,NADH,FAD,CD4 Spleen FOV3
1416,292,17.4957265,140.0919769,1286.399667,90.39467607,1.088939923,16.23931624,182.8363932,1827.237846,93.21773504,6.78226188,1.127024863,0.590274765,253.9150387,291.3351489,14.47746402,110.0450586,558.2786526,5.908020562,0.117234911,25.75770711,43.60560411,509.5575517,2.049743494,2.049742971,0.11810729,0.136726543,186.8127785,76.27385257,117,cell,NADH,FAD,CD4 Spleen FOV3
1417,293,24.27777778,420.1901667,2589.92,75.76607778,0.861727611,12.94444444,321.4065,1666.607778,79.53962222,20.46037778,0.988507611,0.650963318,941.5851038,591.7833246,10.41947021,112.5107467,369.1025803,2.833016682,0.104241585,6.092157178,62.79867292,185.9469385,4.125717351,4.125717351,0.048431697,0.092697226,130.3154939,78.52907798,18,cell,NADH,FAD,CD4 Spleen FOV3
1418,294,13.70588235,162.2379882,1317.191412,85.78411765,0.984058471,7.705882353,159.6532941,1595.694118,89.06658235,10.93341294,1.134114118,0.633086006,327.4896139,312.6386539,4.253890952,105.5766379,571.2325279,6.623825575,0.090207975,2.417765132,34.79645926,191.9903565,3.886200207,3.886203642,0.052239543,0.100497724,190.8673383,76.67240203,17,cell,NADH,FAD,CD4 Spleen FOV3
1419,295,18.1969697,224.8641439,1917.04603,87.88145758,1.151386955,10.27272727,199.1156136,1517.148076,86.12101364,13.87898712,1.027269742,0.644698862,437.9351294,356.7965714,8.723477953,155.0535156,570.2475739,5.973130169,0.158150856,5.644726483,78.14056439,641.3708275,6.577755215,6.577754485,0.121828667,0.095346386,266.3758819,131.6108109,66,cell,NADH,FAD,CD4 Spleen FOV3
1420,296,15.33333333,342.4108333,2123.353056,84.41700833,1.036578389,7.555555556,187.2445556,1418.614167,83.41384722,16.58615444,0.972218861,0.670327148,620.4645625,385.8345663,5.791619561,208.7560122,438.2702072,3.834854487,0.145019368,3.541141418,74.52195552,195.5039592,7.29508583,7.295083814,0.135121866,0.105730603,278.9557427,130.641598,36,cell,NADH,FAD,CD4 Spleen FOV3
1421,297,20.54166667,242.040794,1702.401905,80.59375893,0.964571351,12.58333333,237.8221131,1821.111369,84.4861,15.51389982,0.975763411,0.624662173,513.2581888,471.373884,9.237293695,117.8474152,471.0870635,6.781548914,0.095354548,7.223064079,51.41216207,466.1854799,4.54470082,4.544700869,0.119813469,0.102447518,190.9923646,94.17975012,168,cell,NADH,FAD,CD4 Spleen FOV3
1422,298,25.02173913,396.8591413,2456.380109,82.29208696,0.898983891,14.68478261,265.9840761,2021.251848,87.3144837,12.68551598,1.097159587,0.622927319,746.9466749,483.6119535,11.90251452,157.2495735,657.7217888,5.048497719,0.102796821,6.376345965,53.82235477,341.4036204,3.152931675,3.152932239,0.101436748,0.093180021,215.0513869,86.34470851,92,cell,NADH,FAD,CD4 Spleen FOV3
1423,299,19.92142857,201.2409364,1690.554643,86.43398929,1.0440527,11.28571429,182.6505429,1426.234214,83.22557357,16.77442793,0.961514014,0.634785643,399.207417,379.2473115,12.9226074,106.8176249,315.7661111,5.803908014,0.116747419,6.840722031,49.12618653,217.8032597,6.227497424,6.227495686,0.095252607,0.105374149,171.6861018,86.60612415,140,cell,NADH,FAD,CD4 Spleen FOV3
1424,300,21.26388889,364.4547083,2014.155833,77.23914722,0.991424736,13.55555556,301.0710972,1942.105,82.75496389,17.24503528,0.971209528,0.596608346,723.8843298,564.7287334,13.65262504,130.1029896,388.9335026,6.866642165,0.110801783,7.420733969,34.74625278,416.1432268,5.56678796,5.566789273,0.135809619,0.098903261,148.0508875,62.47342719,72,cell,NADH,FAD,CD4 Spleen FOV3
1425,301,19.91304348,244.0141522,1692.694783,81.15701087,0.877820087,11.06521739,237.7951739,1926.34,87.14014783,12.85985261,0.925485696,0.635661179,511.6362444,450.0209312,10.30388511,129.7762251,358.0030832,7.366251075,0.117615314,5.559385154,65.20940117,463.3230753,3.229162551,3.229161728,0.127465331,0.090834984,198.7024835,105.0820815,46,cell,NADH,FAD,CD4 Spleen FOV3
1426,302,18.65354331,342.0156378,2106.31811,79.24178504,0.977489039,11.75590551,293.8290945,1801.829685,83.33442913,16.66557079,0.965301787,0.604976852,685.6506117,533.3680474,8.40953536,136.9630437,493.3770781,6.699413488,0.113930435,4.720298174,74.26562123,356.8182115,4.647550337,4.647550489,0.103487853,0.102941497,140.8352981,77.38381382,127,cell,NADH,FAD,CD4 Spleen FOV3
1427,303,15.2962963,333.0559259,1692.718333,80.85557222,1.006592667,11.68518519,205.2609259,1696.943704,86.98511852,13.01488259,1.025104593,0.566253548,583.1452372,399.2373652,7.168141333,150.2609866,377.5379295,8.332946574,0.111764417,5.692842491,62.21348197,223.8914431,3.054542274,3.054540944,0.103550972,0.123109042,195.438621,112.1711645,54,cell,NADH,FAD,CD4 Spleen FOV3
1428,304,19.32258065,194.2319774,1626.428787,86.97917484,0.970796748,16.89032258,136.5672116,1418.885323,91.63812387,8.361874129,1.062511071,0.530646712,377.6341069,239.3621854,9.172187976,68.66561404,516.4004881,4.298854584,0.093812617,7.302879473,27.45626475,358.8573793,3.133148156,3.133150173,0.117128743,0.108124625,131.8523358,56.84404515,155,cell,NADH,FAD,CD4 Spleen FOV3
1429,305,15.48453608,172.1589722,1736.992062,87.6315134,0.956309392,9.721649485,203.7521567,1598.548474,88.60996082,11.39004134,1.027024897,0.618773395,359.5693067,352.5091675,6.076103127,57.67530917,303.1996453,5.10939364,0.115164673,4.367832863,58.82021522,502.9187544,3.358302367,3.358299957,0.099941778,0.112357832,119.7793056,76.7980863,97,cell,NADH,FAD,CD4 Spleen FOV3
1430,306,16.87804878,282.0328024,1818.336098,87.2216,0.993941488,10.53658537,223.5002927,1448.519268,88.33472439,11.66527512,1.040214512,0.619477731,468.2649193,365.8030758,4.925419383,143.338965,589.1936139,5.323380867,0.126126166,4.376628617,69.14067226,335.6903524,2.637274934,2.63727582,0.127223136,0.099096912,198.506623,106.8950979,41,cell,NADH,FAD,CD4 Spleen FOV3
1431,307,22.90909091,561.7309091,2705.185455,82.29255455,0.941596864,12.13636364,412.1074545,2016.222727,81.68461364,18.31538818,0.979780545,0.655245168,930.0723084,678.7272261,9.288544357,99.1044114,406.9270781,3.624362852,0.0820615,6.041881247,102.2268754,632.7714854,5.803402386,5.803399617,0.085004336,0.084060882,105.9843511,102.2814839,22,cell,NADH,FAD,CD4 Spleen FOV3
1432,308,10.14814815,180.7847444,1424.540333,88.07588148,0.999039111,10.14814815,139.3458889,1609.638519,94.58203704,5.417957778,0.89478563,0.508571426,333.9840592,221.1261398,3.59169666,81.29672373,395.8608558,4.266942667,0.141810613,4.801471759,49.45742973,451.2694504,1.625704958,1.625702891,0.093506689,0.156413238,160.5557184,85.34819407,27,cell,NADH,FAD,CD4 Spleen FOV3
1433,309,14.57627119,161.7152008,1626.264068,87.57530932,1.02019722,13.55932203,156.0805339,1396.320339,91.51084492,8.489152034,0.949809017,0.526430937,347.2935881,260.3242955,6.103672398,48.91326946,271.7181615,5.568546375,0.142553843,7.231864879,43.49499906,186.6516072,3.409242094,3.409244012,0.145364859,0.111750713,138.0334298,80.35423569,118,cell,NADH,FAD,CD4 Spleen FOV3
1434,310,18.88235294,296.4328824,1855.287265,82.11696176,1.000371206,12.42647059,327.3887059,2137.016176,89.28387941,10.71611956,1.014279559,0.615716091,572.16051,508.9229735,7.189398106,130.2834611,476.6739848,6.62824407,0.124845662,7.050597892,51.73694875,443.0244514,4.161864748,4.161864804,0.131503185,0.113110725,221.2056233,67.86424263,68,cell,NADH,FAD,CD4 Spleen FOV3
1435,311,13.62831858,168.5983124,1573.387858,88.87788761,0.933638274,7.699115044,244.987177,1813.086071,88.04553274,11.95447053,1.015990876,0.648517475,323.9881452,406.5742464,6.922007722,90.46895666,402.4797229,4.523881138,0.094123313,5.144145347,48.02691103,613.9334263,6.32987832,6.329875881,0.111869818,0.124595525,152.2091097,71.02747345,113,cell,NADH,FAD,CD4 Spleen FOV3
1436,312,13.45588235,119.3295346,1440.303728,91.47877574,0.947018544,7.191176471,213.0614912,1950.440147,89.88678971,10.11320735,1.019102882,0.659653302,235.1422757,388.422354,5.546927941,40.106838,360.1854747,3.437854086,0.123247947,4.288684001,76.08638138,483.2846468,2.390905486,2.390907205,0.104861269,0.11966292,95.78696421,129.6946711,136,cell,NADH,FAD,CD4 Spleen FOV3
1437,313,15.52,335.577808,2126.3416,83.007612,0.93108672,9.4,283.79992,2565.5484,89.93614,10.0638644,0.9831644,0.621882868,647.5951673,505.2411246,5.752680535,233.1556594,565.2138952,7.31377446,0.115996338,3.894440482,78.57000259,588.1827161,2.543476876,2.54347419,0.086144204,0.091655826,347.1749234,115.6365144,25,cell,NADH,FAD,CD4 Spleen FOV3
1438,314,12.42553191,204.9368298,2089.940851,87.86997872,0.994021404,10.0212766,135.1428723,1440.387234,90.3987383,9.601256809,0.944851149,0.558311523,418.282987,259.3216173,4.277060555,74.36543174,381.4712335,5.639518125,0.089558471,4.371296503,36.56366095,144.3981251,5.335728542,5.335730142,0.082107264,0.130841301,133.2354821,96.494279,47,cell,NADH,FAD,CD4 Spleen FOV3
1439,315,21.02380952,534.1792381,2949.954762,80.58520595,1.00058931,19.71428571,170.9643214,1974.965833,89.03535595,10.96464226,1.054271143,0.509159401,985.534848,366.5708698,9.640497151,176.4425217,556.6358928,5.476354882,0.107117362,6.862806038,50.09431343,187.5894703,3.636187158,3.63618972,0.084648182,0.106549478,134.6275727,109.0427838,84,cell,NADH,FAD,CD4 Spleen FOV3
1440,316,23.03333333,633.5206,2669.307,75.91406333,1.008709933,17.46666667,205.248,1828.859667,79.75306333,20.24693667,0.9476235,0.5655455,1103.415034,533.1318951,11.26937667,238.2137759,588.1406978,6.834252335,0.118806139,7.495899262,32.7621227,161.8885155,3.180219381,3.180219381,0.073031189,0.068467715,203.2127277,83.06600208,30,cell,NADH,FAD,CD4 Spleen FOV3
1441,317,22.09090909,225.5620909,2207.578182,85.46024545,1.113030273,10,247.8487273,1171.830182,76.19468182,23.80531818,1.057301909,0.673377526,508.7266685,460.4856825,11.29118723,66.81950245,312.5055179,4.347633594,0.095752105,3.521363372,39.89392253,177.8322177,5.904748399,5.904748399,0.060037865,0.082154235,132.0755979,34.83405462,11,cell,NADH,FAD,CD4 Spleen FOV3
